학과,과목번호,과목명,학점,권장학년,수강신청 참조사항,과목 설명
게페르트국제학부,AAS1001,아시아학 개론,3.0,"[1, 2, 3, 4]",,
게페르트국제학부,AAS2015,세계 속 아시아의 협력과 갈등,3.0,"[1, 2, 3, 4]",,구)아시아의 국제관계
게페르트국제학부,AAS2024,현대 아시아의 중요 이슈들 Ⅰ,3.0,"[1, 2, 3, 4]",,
아트&테크놀로지학과,AAT2002,Humanities & creativity,3.0,"[1, 2, 3, 4]",,구) ANT2003
아트&테크놀로지학과,AAT2003,Intro to Digital Arts,3.0,"[1, 2, 3, 4]",,구) ANT2004
아트&테크놀로지학과,AAT2004,Intro to Creative Computing,3.0,"[1, 2, 3, 4]",,구) ANT2010
아트&테크놀로지학과,AAT2005,Creative Capstone Project I(캡스톤디자인),3.0,"[3, 4]",,구) ANT4020
아트&테크놀로지학과,AAT2006,Creative Capstone Project II(캡스톤디자인),3.0,"[3, 4]",,구) ANT4013
아트&테크놀로지학과,AAT2008,Foundations of Human-Computer Interaction,3.0,"[2, 3, 4]",,
아트&테크놀로지학과,AAT2009,Interactive Storytelling,3.0,"[2, 3, 4]",,전공필수대체과목(2015-2018학번)
아트&테크놀로지학과,AAT3002,Content Planning & Development,3.0,"[3, 4]",,"구)CONTENT PLANNING, DEVELOPMENT & BUSINE"
아트&테크놀로지학과,AAT3003,Digital Fabrication(캡스톤디자인),3.0,"[2, 3, 4]",,구)ANT2009실감형콘텐츠프로젝트/인터랙션을위한센싱및인터페이스(ANT4
아트&테크놀로지학과,AAT3004,Intro to Sonic Art,3.0,"[2, 3, 4]",,
아트&테크놀로지학과,AAT3005,Visual Design,3.0,"[1, 2]",,
아트&테크놀로지학과,AAT3007,Network Media,3.0,"[2, 3, 4]",,구)INTRO TO WEB DEVELOPMENT
아트&테크놀로지학과,AAT3008,Creative Algorithms,3.0,"[1, 2]",,
아트&테크놀로지학과,AAT3009,Sound Production,3.0,"[3, 4]",,구)SOUND DESIGN
아트&테크놀로지학과,AAT3010,Visual Story,3.0,"[1, 2]",,
아트&테크놀로지학과,AAT3015,3D Modeling,3.0,"[2, 3, 4]",,구)3D MODELING STUDIO
아트&테크놀로지학과,AAT3016,UI/UX Design(캡스톤디자인),3.0,"[3, 4]",,구)UI/UX DESIGN
아트&테크놀로지학과,AAT3019,Data Visualization,3.0,"[2, 3, 4]",,"AAT3017, ANT3004의 대체과목"
아트&테크놀로지학과,AAT3020,Natural Language Processing,3.0,"[2, 3, 4]",,MAS2009의 대체과목
아트&테크놀로지학과,AAT3021,나노디그리심화워크숍(메타버스),,"[1, 2, 3, 4]",,
아트&테크놀로지학과,AAT3022,Speculative Design,3.0,"[2, 3, 4]",,
아트&테크놀로지학과,AAT4001,Computer Graphics,3.0,"[2, 3, 4]",,
아트&테크놀로지학과,AAT4002,Advanced Web Development(캡스톤디자인),3.0,"[2, 3, 4]",,"구) ANT3003, 구)WEB STUDIO,ADVANCED WEB DE"
아트&테크놀로지학과,AAT4004,Interactive Media Arts(캡스톤디자인),3.0,"[3, 4]",,구)MEDIA ARTS STUDIO
아트&테크놀로지학과,AAT4005,Games & Interactive Media,3.0,"[3, 4]",,구)GAME STUDIO
아트&테크놀로지학과,AAT4006,3D Animation,3.0,"[2, 3, 4]",,구)3D ANIMATION STUDIO
아트&테크놀로지학과,AAT4008,Visual Effects,3.0,"[3, 4]",,구)VFX STUDIO
아트&테크놀로지학과,AAT4011,Immersive Media,3.0,"[3, 4]",,"구)ANT4012, 구)IMMERSIVE MEDIA STUDIO"
아트&테크놀로지학과,AAT4012,Internship,3.0,"[1, 2, 3, 4]",,과목평가:S/U
아트&테크놀로지학과,AATG001,Metaverse: Design & Development(캡스톤디자인),3.0,"[3, 4]",,"AAT4010의 대체과목, 구)METAVERSE: DESIGN & DEV"
아트&테크놀로지학과,AATG010,Generative AI,3.0,"[2, 3, 4]",,
아트&테크놀로지학과,AATG013,Deep Learning & Computer Vision,3.0,"[3, 4]",,구)AAT4013
아트&테크놀로지학과,AATG015,Deep learning for Music & Audio,3.0,"[3, 4]",,
아트&테크놀로지학과,AATG104,Media Aesthetics,3.0,"[3, 4]",,"AAT3001(구,ANT2001)의 대체과목, 전공필수대체과목(2015-"
아트&테크놀로지학과,AATG106,Generative Audio Visualization,3.0,"[3, 4]",,
아트&테크놀로지학과,AATG800,Creative Entrepreneurship,3.0,"[3, 4]",,"AAT3011의 대체과목, 전공필수대체과목(2015-2018학번)"
인공지능학과,AIE2050,컴퓨터프로그래밍I,3.0,[1],"인공지능학과(1전공 가능),인공지능학과(1전공 가능)",
인공지능학과,AIE2051,컴퓨터프로그래밍 II,3.0,[1],,선수과목:AIE2050
인공지능학과,AIE2070,이산구조,3.0,[1],,
인공지능학과,AIE3010,기초머신러닝,3.0,"[3, 4]",,
인공지능학과,AIE3050,자료구조,3.0,[2],"컴퓨터공학과(1전공 불가능),컴퓨터공학과(1전공 불가능)",선수과목:AIE2051
인공지능학과,AIE3051,알고리즘설계와분석,3.0,[2],,선수과목:AIE3050
인공지능학과,AIE3052,JAVA언어,3.0,[2],,
인공지능학과,AIE3053,디지털회로개론,3.0,[2],,
인공지능학과,AIE3054,컴퓨터시스템개론,3.0,[2],,
인공지능학과,AIE3090,인공지능실험,3.0,"[2, 3, 4]",,
인공지능학과,AIE3091,소프트웨어개발도구및환경실습,3.0,[2],,"구)컴퓨터공학설계및실험,선수과목:AIE2051"
인공지능학과,AIE3092,컴퓨터공학실험 II,3.0,[2],,
인공지능학과,AIE4011,기초추천시스템,3.0,"[3, 4]",,
인공지능학과,AIE4012,기초컴퓨터그래픽스,3.0,"[3, 4]",,선수과목:STS2005
인공지능학과,AIE4050,시스템프로그래밍,3.0,[3],,
인공지능학과,AIE4051,컴퓨터아키텍쳐,3.0,[3],,선수과목:AIE3053
인공지능학과,AIE4052,컴퓨터 네트워크,3.0,[4],,구)기초컴퓨터네트워크
인공지능학과,AIE4055,데이터베이스시스템,3.0,[3],,
인공지능학과,AIEG100,기초딥러닝,3.0,"[3, 4]",,
인공지능학과,AIEG102,패턴인식,3.0,[4],,
인공지능학과,AIEG106,기초자연어처리,3.0,"[3, 4]",,
인공지능학과,AIEG107,음성인식,3.0,"[3, 4]",,
인공지능학과,AIEG109,오디오인식및합성변환,3.0,"[3, 4]",,
미국문화전공,AMC1011,전공진로설계Ⅰ,,"[1, 2, 3, 4]",,
미국문화전공,AMC2020,문화와글쓰기,3.0,"[1, 2, 3, 4]",,
미국문화전공,AMC2031,미국학입문,3.0,"[1, 2, 3, 4]",,구 문화연구입문
미국문화전공,AMC2033,미국문화사,3.0,"[1, 2, 3, 4]",,구 미국역사와문화
미국문화전공,AMC3014,번역연습,3.0,"[2, 3, 4]",,구)AMC2014
미국문화전공,AMC3035,아메리칸드림,3.0,"[2, 3, 4]",,
미국문화전공,AMC3036,미국의아이콘들,3.0,"[1, 2, 3, 4]",,
미국문화전공,AMC3037,미국영웅,3.0,"[2, 3, 4]",,
미국문화전공,AMC3040,대중음악,3.0,"[2, 3, 4]",,
미국문화전공,AMC3045,시각예술,3.0,"[2, 3, 4]",,전공필수대체과목(2015-2018학번)
미국문화전공,AMC3050,미국영화장르연구,3.0,"[2, 3, 4]",,
미국문화전공,AMC3055,미국영화주제연구,3.0,"[2, 3, 4]",,
미국문화전공,AMC3057,SF문학과영화,3.0,"[2, 3, 4]",,
미국문화전공,AMC3058,팬터지문학과영화,3.0,"[2, 3, 4]",,
미국문화전공,AMC3060,각색연구,3.0,"[2, 3, 4]",,
미국문화전공,AMC3065,세계속의미국문화,3.0,"[2, 3, 4]",,
미국문화전공,AMC3070,문화적정체성,3.0,"[2, 3, 4]",,
미국문화전공,AMC3073,미국고딕문화,3.0,"[2, 3, 4]",,
미국문화전공,AMC3075,미국의지역문화,3.0,"[2, 3, 4]",,
미국문화전공,AMC3077,미국서부,3.0,"[2, 3, 4]",,
미국문화전공,AMC3080,미국의다문화주의,3.0,"[2, 3, 4]",,
미국문화전공,AMC3090,젠더와미국문화,3.0,"[2, 3, 4]",,구 성의문화
미국문화전공,AMC3096,계층과미국문화,3.0,"[2, 3, 4]",,구 대중문화연구
미국문화전공,AMC3097,미국텔레비젼,3.0,"[2, 3, 4]",,구 전자매체
미국문화전공,AMC3098,미국문화특강I,3.0,"[2, 3, 4]",,
미국문화전공,AMC4099,논문세미나,3.0,[4],,미국문화전공Honors Program필수과목
미국문화전공,AMC4100,모더니즘과사회변화,3.0,"[2, 3, 4]",,
미국문화전공,AMC4105,포스트모더니즘과탈식민주의,3.0,"[2, 3, 4]",,
미국문화전공,AMC4120,문화와정치,3.0,"[2, 3, 4]",,
미국문화전공,AMC4125,인간과과학기술,3.0,"[2, 3, 4]",,
미국문화전공,AMC4130,1960년대의저항문화,3.0,"[2, 3, 4]",,
미국문화전공,AMC4135,젠더세미나,3.0,"[2, 3, 4]",,
미국문화전공,AMC4155,미국아시아계문화,3.0,"[2, 3, 4]",,
미국문화전공,AMC4157,미국흑인문화,3.0,"[2, 3, 4]",,(구)미국흑인문화(AMC3082)
미국문화전공,AMC4160,초국가주의와 미국문화,3.0,"[2, 3, 4]",,
미국문화전공,AMC4199,미국문화세미나,3.0,"[2, 3, 4]",,
미국문화전공,AMC4301,미국문화학 이론과 실습1(캡스톤디자인),3.0,"[3, 4]",,
미국문화전공,AMC4302,미국문화학 이론과 실습2 (캡스톤디자인),3.0,"[3, 4]",,
미국문화전공,AMC4304,문화민주주의 현장 연구(캡스톤디자인),3.0,"[3, 4]",,
빅데이터사이언스연계전공,BDS3010,빅데이터컴퓨팅,3.0,"[3, 4]",,
빅데이터사이언스연계전공,BDS3020,블록체인및응용,3.0,"[3, 4]",,
빅데이터사이언스연계전공,BDS4010,빅데이터종합설계(캡스톤디자인),3.0,[4],,
생명과학과,BIO1101,일반생물학I,3.0,[1],생명과학과(1전공 불가능),
생명과학과,BIO1102,일반생물학II,3.0,[1],,
생명과학과,BIO1105,일반생물학실험I,1.0,[1],,
생명과학과,BIO1106,일반생물학실험II,1.0,[1],,
생명과학과,BIO2121,현대생물학실험I,3.0,[2],,
생명과학과,BIO2122,현대생물학실험II,3.0,[2],,
생명과학과,BIO2131,생화학I,3.0,[2],,
생명과학과,BIO2132,생화학II,3.0,[2],,
생명과학과,BIO2141,세포학,3.0,[2],,
생명과학과,BIO2151,분자생물학,3.0,[2],,
생명과학과,BIO2311,생명유기화학,3.0,[2],,
생명과학과,BIO2350,숙주미생물상호작용,3.0,"[2, 3]",,
생명과학과,BIO2522,식물생명과학,3.0,"[2, 3]",,
생명과학과,BIO2601,유전자클로닝개론,3.0,[2],,
생명과학과,BIO2701,환경과학론,3.0,"[2, 3, 4]",,
생명과학과,BIO3100,전공진로설계Ⅰ,,"[2, 3, 4]",,
생명과학과,BIO3123,현대생물학실험III,3.0,[3],,
생명과학과,BIO3124,현대생물학실험IV,3.0,[3],,
생명과학과,BIO3161,유전학,3.0,[3],,
생명과학과,BIO3212,생명공학개론,3.0,"[3, 4]",,
생명과학과,BIO3711,미생물학,3.0,[3],,
생명과학과,BIO3712,미생물생리학,3.0,"[3, 4]",,구BIO5712
생명과학과,BIO4100,생명과학현장실습,3.0,"[3, 4]",,"과목평가:S/U, (구)생명과학인턴쉽"
생명과학과,BIO4203,생명과학특허와기술이전,1.0,"[3, 4]",,전공학점으로 인정되지 않음.(총학점에는 포함됨)
생명과학과,BIO4251,생물통계학,3.0,"[3, 4]",,
생명과학과,BIO4252,암생물학,3.0,[4],,
생명과학과,BIO4321,인체생리학,3.0,"[3, 4]",,
생명과학과,BIO4322,동물대사학,3.0,"[3, 4]",,
생명과학과,BIO4331,신경생물학,3.0,[4],,
생명과학과,BIO4351,면역학,3.0,"[3, 4]",,
생명과학과,BIO4441,분자세포생물학,3.0,"[3, 4]",,
생명과학과,BIO4521,식물발달생물학,3.0,[4],,
생명과학과,BIO4721,분자세포종양학,3.0,"[3, 4]",,
생명과학과,BIO4911,식물유전공학,3.0,[4],,
생명과학과,BIO4921,특수연구,3.0,[4],,전공학점으로 인정되지 않음.(총학점에는 포함됨)
생명과학과,BIO4931,응용바이오기술실험,3.0,[4],,*특수연구와 동시수강 불가 *7학기 이상 수강가능
생명과학과,BIOG001,바이오텍의기술사업화(캡스톤디자인),3.0,"[3, 4]",,구)바이오텍의상업화종합설계
바이오융합기술 연계전공,BNT3009,바이오모방공학개론,3.0,"[3, 4]",,기계공학과 바이오모방공학개론 MEE4016 과목과 합반 수업
바이오융합기술 연계전공,BNTG006,바이오기술과투자기초,3.0,"[3, 4]","경제대학,경영대학(불가능)",대학원 초급과목(구 기술과경제정책)
바이오융합기술 연계전공,BNTG009,유전체분석기술,3.0,"[3, 4]",,구)생분석화학/구)생물물리화학
바이오융합기술 연계전공,BNTG011,분자유전체공학,3.0,"[1, 2, 3, 4]",,
바이오융합기술 연계전공,BNTG031,지식재산권과특허,3.0,"[3, 4]",,"대학원초급과목,구BNT5031"
화공생명공학과,CBE2002,창의설계,3.0,[1],,
화공생명공학과,CBE2003,화공생명공학양론,3.0,[2],,
화공생명공학과,CBE2004,화공물리화학,3.0,[2],화학과(불가능),구)물리화학
화공생명공학과,CBE2005,화공유기화학,3.0,[2],화학과(불가능),구)응용유기화학
화공생명공학과,CBE2006,응용생물학,3.0,[1],,"(구)42-032,2010학번부터(비인증대상) 전공과목 인정안됨"
화공생명공학과,CBE2007,화공생화학,3.0,[2],,구)응용생화학
화공생명공학과,CBE2010,화공생명공학실험Ⅰ,3.0,"[2, 3, 4]",,
화공생명공학과,CBE2011,화공수학I,3.0,"[1, 2, 3, 4]",화공생명공학과(가능),화공생명공학전공 학생만 수강 가능
화공생명공학과,CBE2012,화공수학II,3.0,"[1, 2, 3, 4]",,"화공전공자만 수강가능, 선수과목 : STS2006 미적분학II, CBE2011 화공수학I(또는 MAT2410 응용수학I)"
화공생명공학과,CBE2014,화공기초화학Ⅰ,3.0,[1],화공생명공학과(가능),구)공업화학Ⅰ
화공생명공학과,CBE2015,화공기초화학Ⅱ,3.0,"[1, 2, 3, 4]",,구)공업화학Ⅱ
화공생명공학과,CBE2016,기초 전산화학공학,3.0,"[2, 3, 4]",,구)프로그래밍언어기초(CBE2013)
화공생명공학과,CBE3001,화공열역학,3.0,[2],,
화공생명공학과,CBE3002,공정열역학,3.0,[3],,선수과목 : CBE3001 화공열역학
화공생명공학과,CBE3003,반응공학,3.0,[3],,선수과목 : CBE2002 창의설계
화공생명공학과,CBE3004,화공유체역학,3.0,[3],화공생명공학과(가능),선수과목 : CBE2011 화공수학I(또는 MAT2410 응용수학I)
화공생명공학과,CBE3005,열및물질전달,3.0,[3],,
화공생명공학과,CBE3006,공정제어,3.0,[3],,
화공생명공학과,CBE3007,고분자공학,3.0,[3],,"선수과목 : CBE2002 창의설계, CBE2005 응용유기화학"
화공생명공학과,CBE3008,고분자물성,3.0,[3],,
화공생명공학과,CBE3010,양자화학,3.0,[3],,
화공생명공학과,CBE3013,응용분자생물학,3.0,[3],,선수과목 : CBE2007 응용생화학
화공생명공학과,CBE3014,유전공학,3.0,[3],,(생명과학전공 학생 수강 불가)
화공생명공학과,CBE3017,화공생명공학실험Ⅱ,3.0,"[3, 4]",,
화공생명공학과,CBE3019,화공생명공학 세미나,2.0,[3],,(구)화공산업과기술경영-기업가정신
화공생명공학과,CBE3301,연구프로젝트Ⅰ,3.0,"[3, 4]",,
화공생명공학과,CBE3302,연구프로젝트Ⅱ,3.0,"[3, 4]",,
화공생명공학과,CBE3303,연구프로젝트Ⅲ,3.0,"[3, 4]",,
화공생명공학과,CBE3304,연구프로젝트Ⅳ,3.0,"[3, 4]",,
화공생명공학과,CBE4001,화공생명공학심화종합설계Ⅱ(캡스톤디자인),3.0,[4],,"(구)화공생명공학심화설계 선수과목:CBE2002,CBE2010,CBE3003,CBE3007,CBE3017"
화공생명공학과,CBE4004,분리정제공정,3.0,[4],,선수과목 : CBE2002 창의설계
화공생명공학과,CBE4005,촉매공학,3.0,[3],,선수과목 : CBE3003 반응공학
화공생명공학과,CBE4010,화공재료,3.0,[4],,
화공생명공학과,CBE4011,전기화학,3.0,"[3, 4]",,
화공생명공학과,CBE4012,환경공학,3.0,[3],,
화공생명공학과,CBE4013,생물화학공학,3.0,[3],,선수과목 : CBE2002 창의설계
화공생명공학과,CBE4017,화공생명공학심화종합설계Ⅰ,3.0,[4],,선수과목 : CBE2002 창의설계
화공생명공학과,CBE4018,산업미생물공학,3.0,"[1, 2, 3, 4]",,
화공생명공학과,CBE4019,기능성고분자화학,3.0,"[3, 4]",,
화공생명공학과,CBE4020,에너지공학,3.0,"[3, 4]",,
화공생명공학과,CBE4022,인공지능:딥러닝,3.0,"[3, 4]",,
화공생명공학과,CBE4100,인턴쉽I,3.0,"[3, 4]",,과목평가:S/U
화공생명공학과,CBEG007,고급화공수학,3.0,"[3, 4]",,
화공생명공학과,CBEG008,고급분리막기술,3.0,"[3, 4]",,
화공생명공학과,CBEG009,발효공학,3.0,"[3, 4]",,
화공생명공학과,CBEG011,전자재료공학,3.0,"[3, 4]",,
화공생명공학과,CBEG015,반도체공정,3.0,"[3, 4]",,구)반도체공정(CBE4008)
화공생명공학과,CBEG016,결정화공정,3.0,[3],,
화공생명공학과,CBEG017,생물물리학,3.0,"[3, 4]",,
중국문화학과,CHI2001,전공기초중국어1,3.0,"[1, 2]",,
중국문화학과,CHI2002,전공기초중국어2,3.0,"[1, 2]",,
중국문화학과,CHI2003,기초한문,3.0,"[1, 2]",,
중국문화학과,CHI2004,중국문화의이해,3.0,"[1, 2]",,
중국문화학과,CHI2006,"오늘의중국,중국인",3.0,"[1, 2]",,
중국문화학과,CHI2007,중국문학의세계,3.0,"[1, 2]",,구)중국문학입문
중국문화학과,CHI3001,중국어회화1(중국어강의),3.0,"[2, 3, 4]",,중국어강의
중국문화학과,CHI3002,중국어작문1,3.0,"[2, 3, 4]",,
중국문화학과,CHI3003,중국어3,3.0,"[2, 3, 4]",,
중국문화학과,CHI3005,고급중국어,3.0,"[2, 3, 4]",,
중국문화학과,CHI3006,중국시사,3.0,"[2, 3, 4]",,구 신문과뉴스
중국문화학과,CHI3007,중국어회화2(중국어강의),3.0,"[1, 2, 3, 4]",,
중국문화학과,CHI3008,중국어작문2(중국어강의),3.0,"[2, 3, 4]",,
중국문화학과,CHI3009,빅데이터와문화트렌드(캡스톤디자인),3.0,"[2, 3, 4]",,"구)스크린중국어, 구)빅데이터로본중국사회"
중국문화학과,CHI3011,중국고전시의세계,3.0,"[2, 3, 4]",,
중국문화학과,CHI3012,중국신화와내러티브,3.0,"[2, 3, 4]",,
중국문화학과,CHI3013,중국의공연예술,3.0,"[2, 3, 4]",,
중국문화학과,CHI3014,중국고전명문,3.0,"[2, 3, 4]",,(구) 중국고전명문산책
중국문화학과,CHI3015,현대중국문학의이해,3.0,"[2, 3, 4]",,구 중국의 현대와 문
중국문화학과,CHI3017,중국어문법의이해,3.0,"[2, 3, 4]",,
중국문화학과,CHI3018,중국언어의이해,3.0,"[1, 2, 3, 4]",,
중국문화학과,CHI3019,중국언어로보는중국문화,3.0,"[2, 3, 4]",,
중국문화학과,CHI3020,한자로읽는중국문화코드,3.0,"[2, 3, 4]",,(구) 한자와 중국문
중국문화학과,CHI3022,대만사회변천과문화트렌드(중국어강의),3.0,"[2, 3, 4]",,(구)중국인의세계관 / (구)당대대만 / (구)대만사회와문화
중국문화학과,CHI3024,중화권문화콘텐츠,3.0,"[2, 3, 4]",,구)중화권세계의이해 구)중화권지역문화
중국문화학과,CHI3025,영화와현대중국,3.0,"[2, 3, 4]",,
중국문화학과,CHI3026,중국의대중문화,3.0,"[2, 3, 4]",,
중국문화학과,CHI3028,사서와현대인의수양,3.0,"[1, 2, 3, 4]",,
중국문화학과,CHI3040,전공진로설계Ⅰ,,"[2, 3, 4]",,
중국문화학과,CHI4002,제자백가의이해,3.0,"[3, 4]",,구 제자강독
중국문화학과,CHI4005,중국문학주제특강(중국어강의),3.0,"[3, 4]",,
중국문화학과,CHI4007,중국어통번역,3.0,"[3, 4]",,
중국문화학과,CHI4008,무역중국어,3.0,"[3, 4]",,
중국문화학과,CHI4009,중국미디어와도시,3.0,"[3, 4]",,구 중국문화사례분석연습
중국문화학과,CHI4012,현대중국:구조와쟁점,3.0,"[3, 4]",,구 한중문화산업과문화콘텐츠
중국문화학과,CHI4014,글로벌라이제이션과중국,3.0,"[2, 3, 4]",,구 중국문화주제특강(교과목명변경)/세계속의중국문화
중국문화학과,CHI4015,중국진출기업의문화적현지화(캡스톤디자인),3.0,"[1, 2, 3, 4]",,
중국문화학과,CHI4017,문화연구주제특강,3.0,"[2, 3, 4]",,
중국문화학과,CHI4018,인공지능과 중한번역,3.0,"[1, 2, 3, 4]",,
중국문화학과,CHIG009,현대중국연구의방법과쟁점,3.0,"[3, 4]",,
화학과,CHM1001,일반화학I,3.0,[1],화학과(1전공 가능),
화학과,CHM1002,일반화학II,3.0,[1],,
화학과,CHM1051,일반화학실험I,1.0,[1],,
화학과,CHM1052,일반화학실험II,1.0,[1],,
화학과,CHM2101,분석화학,3.0,[2],,
화학과,CHM2102,기기분석,3.0,[3],,
화학과,CHM2151,분석화학실험,2.0,[2],,
화학과,CHM2152,첨단화학기기분석실험,2.0,"[3, 4]",,구)기기분석실험
화학과,CHM2201,물리화학I,3.0,[2],,
화학과,CHM2202,물리화학II,3.0,[3],,
화학과,CHM2203,물리화학III,3.0,[3],,
화학과,CHM2231,물리화학특론,3.0,[4],,
화학과,CHM2251,물리화학실험I,2.0,[3],,
화학과,CHM2252,물리화학실험II,2.0,[3],,
화학과,CHM2301,유기화학I,3.0,[2],,
화학과,CHM2302,유기화학II,3.0,[2],,
화학과,CHM2303,유기화학III,3.0,[3],,
화학과,CHM2331,유기화학특론I,3.0,[4],,
화학과,CHM2332,유기화학특론II,3.0,[4],,
화학과,CHM2351,유기화학실험I,2.0,[2],,
화학과,CHM2352,유기화학실험II,2.0,"[3, 4]",,
화학과,CHM2401,무기화학I,3.0,[3],,
화학과,CHM2402,무기화학II,3.0,[4],,
화학과,CHM2451,무기화학실험,2.0,[4],,
화학과,CHM2501,고분자화학,3.0,"[3, 4]",,
화학과,CHM2601,생화학I,3.0,"[3, 4]",,
화학과,CHM2602,생화학II,3.0,"[3, 4]",,
화학과,CHM2651,생화학실험,2.0,"[2, 3, 4]",,
화학과,CHM3100,전공진로설계Ⅰ,,"[2, 3, 4]",,
화학과,CHM4051,연구프로젝트I,3.0,"[3, 4]",,
화학과,CHM4052,창의적연구프로젝트설계,3.0,[4],,전공과목으로인정되지않음
화학과,CHM4053,화학인공지능기초,3.0,"[3, 4]",,구)산업기술속화학
화학과,CHM4054,화학기기종합설계(캡스톤디자인),3.0,"[3, 4]",,
화학과,CHM4056,화학현장실습I,3.0,"[3, 4]",,"과목평가:S/U, (구)화학산업과인턴쉽1"
화학과,CHM4203,화학특허와기술이전,1.0,[4],,전공학점으로 인정되지 않음.(총학점에는 포함됨)
화학과,CHMG101,고급분석화학,3.0,"[3, 4]",,"대학원초급과목,구CHM5101"
화학과,CHMG201,고급물리화학I,3.0,"[3, 4]",,"대학원초급과목,구CHM5201"
화학과,CHMG301,고급유기화학I,3.0,"[3, 4]",,"대학원초급과목,구CHM5301"
화학과,CHMG302,고급유기화학II,3.0,[4],,"대학원초급과목,구 CHM5302"
화학과,CHMG401,고급무기화학,3.0,[4],,"대학원초급과목,구 CHM5401"
화학과,CHMG501,고급생화학1,3.0,"[3, 4]",,구)고급생화학
화학과,CHMG502,고급생화학2,3.0,[4],,
전인교육원,CHS2001,한국문화와역사,3.0,"[1, 2]",,
전인교육원,CHS2002,현대한국의형성,3.0,"[1, 2]",,
전인교육원,CHS2003,현대동아시아의형성,3.0,"[1, 2]",,
전인교육원,CHS2004,현대서양의형성,3.0,"[1, 2]",,근대시민사회의형성(SHU4017)의 대체과목/영미문화의이해(LCU4010)의 대체과목
전인교육원,CHS2006,역사란무엇인가,3.0,"[1, 2, 3, 4]",,주의 : 사학과 필수과목(HIS2001)과 다른 과목
전인교육원,CHU4003,한국의기념과기억문화,3.0,"[1, 2, 3, 4]",,
전인교육원,CHU4005,인물로본중국사,3.0,"[1, 2, 3, 4]",,중국문명의역사(CHU4004)의 대체과목
전인교육원,CHU4007,인물로본서양사,3.0,"[1, 2, 3, 4]",,서양문명의역사(CHU4006)의 대체과목
전인교육원,CHU4018,이주의역사,3.0,"[1, 2, 3, 4]",,
전인교육원,CHU4019,인물로본일본사,3.0,"[1, 2, 3, 4]",,
전인교육원,CHU4020,유라시아의문명과교류,2.0,"[1, 2, 3, 4]",,
전인교육원,CHU4021,4차혁명과 인문학,3.0,"[1, 2, 3, 4]",,
전인교육원,CHU4022,이슬람과 서양: 문명교류의 역사,3.0,"[1, 2, 3, 4]",,(구)이슬람과 서양
전인교육원,COR1003,영어글로벌의사소통I,3.0,[1],"자연과학대학(불가능),공과대학(불가능),소프트웨어융합대학(불가능)","구 영어I, 신입생 대다수의 학생이 대상"
전인교육원,COR1005,영어글로벌의사소통I(고급),3.0,[1],,구 영어I(고급)
전인교육원,COR1007,성찰과성장,1.0,[1],,S/U 과목
전인교육원,COR1010,기초인공지능프로그래밍,3.0,[1],"컴퓨터공학과(가능),인공지능학과(가능),소프트웨어융합대학(가능)",컴퓨팅사고력(COR1009) 대체과목
전인교육원,COR1012,인문사회글쓰기,3.0,[1],,읽기와쓰기(COR1001)의 대체과목
전인교육원,COR1013,자연계글쓰기,3.0,[1],,읽기와쓰기(COR1001)의 대체과목
전인교육원,COR1014,한국어글쓰기,3.0,[1],,읽기와쓰기(COR1001)의 대체과목
전인교육원,COR1015,알바트로스세미나,1.0,[1],경제대학(가능),"신입생만 수강가능, 성적평가:S/U"
전인교육원,COR1016,알바트로스세미나(경영),1.0,[1],,
전인교육원,COR1017,알바트로스세미나(인문),1.0,[1],,
전인교육원,COR1018,알바트로스세미나(사회과학),1.0,[1],,
전인교육원,COR1019,알바트로스세미나(경제),1.0,[1],,
전인교육원,COR1020,알바트로스세미나(로욜라국제),1.0,[1],,
전인교육원,COR1021,알바트로스세미나(지식융합미디어),1.0,[1],,
전인교육원,COR1022,알바트로스세미나(수학),1.0,[1],,
전인교육원,COR1023,알바트로스세미나(물리),1.0,[1],,
전인교육원,COR1024,알바트로스세미나(화학),1.0,[1],,
전인교육원,COR1025,알바트로스세미나(생명과학),1.0,[1],,
전인교육원,COR1026,알바트로스세미나(전자),1.0,[1],,
전인교육원,COR1027,알바트로스세미나(화공생명),1.0,[1],,
전인교육원,COR1028,알바트로스세미나(기계),1.0,[1],,
전인교육원,COR1029,알바트로스세미나(컴퓨터),1.0,[1],,
전인교육원,COR1030,알바트로스세미나(인공지능),1.0,[1],,
전인교육원,COR1031,알바트로스세미나(시스템반도체),1.0,[1],,
전인교육원,COR1032,알바트로스세미나(인문학기반 자유전공학부),1.0,[1],,
전인교육원,COR1033,알바트로스세미나(SCIENCE 기반자유전공학부),1.0,[1],,
전인교육원,COR1034,알바트로스세미나(AI기반 자유전공학부),1.0,[1],,
컴퓨터공학과,CSE2003,컴퓨터프로그래밍I,3.0,[1],"컴퓨터공학과(1전공 가능),컴퓨터공학과(1전공 가능),인문학기반자유전공학부(1전공 가능),SCIENCE기반자유전(1전공 가능),AI기반자유전공학부(1전공 가능)",(구)기초공학설계
컴퓨터공학과,CSE2035,컴퓨터프로그래밍II,3.0,[1],,"중핵C언어(STS2008)기수강자,수강신청자모두수강불가,(구)C프로그래밍"
컴퓨터공학과,CSE3006,이산구조,3.0,[1],,
컴퓨터공학과,CSE3013,소프트웨어개발도구및환경실습,3.0,[2],"인공지능학과(1전공 불가능),인공지능학과(1전공 불가능)",구)컴퓨터공학설계및실험I
컴퓨터공학과,CSE3015,디지털회로개론,3.0,[2],,
컴퓨터공학과,CSE3016,컴퓨터공학실험II,3.0,[2],"인공지능학과(1전공 불가능),인공지능학과(1전공 불가능)",
컴퓨터공학과,CSE3030,컴퓨터시스템개론,3.0,[2],"인공지능학과(1전공 불가능),인공지능학과(1전공 불가능)",(구)어셈블리프로그래밍
컴퓨터공학과,CSE3040,JAVA언어,3.0,[2],,
컴퓨터공학과,CSE3080,자료구조,3.0,[2],"인공지능학과(1전공 불가능),인공지능학과(1전공 불가능)",선수과목 : CSE2035 C프로그래밍(또는 STS2008 고급응용C프로그래밍 또는CSW2010 기초C언어 또는 EEE1002 C언어기초 또는 MEE1005 C프로그래밍기초)
컴퓨터공학과,CSE3081,알고리즘설계와분석,3.0,[2],,선수과목 : CSE3080 자료구조(또는 CSW2030 자료구조입문)
컴퓨터공학과,CSE3301,연구프로젝트Ⅰ,3.0,"[3, 4]",,
컴퓨터공학과,CSE3302,연구프로젝트Ⅱ,3.0,"[3, 4]",,
컴퓨터공학과,CSE4010,컴퓨터아키텍쳐,3.0,[3],"인공지능학과(1전공 불가능),인공지능학과(1전공 불가능)","(=전자공학과 컴퓨터아키텍쳐, 둘 중 한과목만 학점인정)(구)컴퓨터구조와논리Ⅰ, 선수과목 : CSE3015 디지털회로개론"
컴퓨터공학과,CSE4011,임베디드컴퓨터구조,3.0,"[3, 4]",,선수과목 : CSE3015 디지털회로개론
컴퓨터공학과,CSE4014,딥러닝개론,3.0,"[3, 4]",,
컴퓨터공학과,CSE4020,SW 분석 및 설계,3.0,"[3, 4]",,
컴퓨터공학과,CSE4022,오픈소스를 이용한 SW 개발 실습,3.0,"[3, 4]",,
컴퓨터공학과,CSE4050,프로그래밍언어,3.0,[3],,선수과목 : CSE3080 자료구조(또는 CSW2030 자료구조입문)
컴퓨터공학과,CSE4060,지능형통신시스템,3.0,"[3, 4]",,구)데이터통신개론
컴퓨터공학과,CSE4070,운영체제,3.0,"[3, 4]",,선수과목 : CSE3080 자료구조(또는 CSW2030 자료구조입문)
컴퓨터공학과,CSE4085,자동장치이론,3.0,"[3, 4]",,
컴퓨터공학과,CSE4100,시스템프로그래밍,3.0,[3],"인공지능학과(1전공 불가능),인공지능학과(1전공 불가능)",구)멀티코어프로그래밍
컴퓨터공학과,CSE4103,커넥티드플랫폼이론과실제(캡스톤디자인),3.0,"[3, 4]",,
컴퓨터공학과,CSE4104,해킹및정보보안,3.0,"[3, 4]",,
컴퓨터공학과,CSE4110,데이터베이스시스템,3.0,[3],"인공지능학과(1전공 불가능),인공지능학과(1전공 불가능)",
컴퓨터공학과,CSE4115,소프트웨어공학,3.0,"[3, 4]",,
컴퓨터공학과,CSE4116,임베디드시스템소프트웨어,3.0,[4],,
컴퓨터공학과,CSE4120,기초컴파일러구성,3.0,[4],,
컴퓨터공학과,CSE4130,기초머신러닝,3.0,"[3, 4]","인공지능학과(1전공 불가능),인공지능학과(1전공 불가능)",
컴퓨터공학과,CSE4140,수치컴퓨팅및응용,3.0,[4],,선수과목 : STS2006 미적분학II
컴퓨터공학과,CSE4152,문제해결프로그래밍실습,3.0,"[3, 4]",,"선수과목:CSE3013 컴퓨터공학설계및실험I,구)고급소프트웨어실습I"
컴퓨터공학과,CSE4170,기초컴퓨터그래픽스,3.0,"[3, 4]","인공지능학과(1전공 불가능),인공지능학과(1전공 불가능)",선수과목 : STS2005 미적분학I
컴퓨터공학과,CSE4175,컴퓨터네트워크,3.0,[4],"인공지능학과(1전공 불가능),인공지능학과(1전공 불가능)",구)기초컴퓨터네트워크
컴퓨터공학과,CSE4177,인터넷프로그래밍및응용,3.0,[4],,
컴퓨터공학과,CSE4178,기초SOC설계,3.0,"[3, 4]",,선수과목 : CSE3015 디지털회로개론
컴퓨터공학과,CSE4185,기초인공지능,3.0,"[3, 4]",,선수과목 : CSE3080 자료구조(또는 CSW2030 자료구조입문)
컴퓨터공학과,CSE4186,캡스톤디자인(캡스톤디자인),3.0,"[3, 4]",,구)캡스톤디자인I(캡스톤디자인)
컴퓨터공학과,CSE4187,산학프로젝트(캡스톤디자인),3.0,[4],,"구)캡스톤디자인II(캡스톤디자인), 산학과제실습"
컴퓨터공학과,CSE4188,암호학기초,3.0,[4],,
컴퓨터공학과,CSE4189,산학과제실습,3.0,"[3, 4]",,
컴퓨터공학과,CSE4190,컴퓨터공학 현장실습,3.0,"[3, 4]",,구)인턴십
컴퓨터공학과,CSE4191,SW 인턴십,3.0,"[3, 4]",,
컴퓨터공학과,CSE4200,기초추천시스템,3.0,"[3, 4]",,
컴퓨터공학과,CSEG109,오디오인식및합성변환,3.0,"[3, 4]",,
컴퓨터공학과,CSEG311,음성인식,3.0,"[3, 4]",,"대학원 초급과목, 구)대화형사용자인터페이스개론"
컴퓨터공학과,CSEG312,데이터마이닝,3.0,[4],,대학원 초급과목
컴퓨터공학과,CSEG321,인간언어기술개론,3.0,[4],,대학원 초급과목
컴퓨터공학과,CSEG416,패턴인식,3.0,[4],,
컴퓨터공학과,CSEG418,컴퓨터비전,3.0,"[3, 4]",,
컴퓨터공학과,CSEG463,기초딥러닝,3.0,"[3, 4]",,
컴퓨터공학과,CSEG483,기초 GPU 프로그래밍,3.0,"[3, 4]",,구)GPGPU 컴퓨팅
컴퓨터공학과,CSEQ981,컴퓨터교과교육론,3.0,"[3, 4]",,교직이수자만 전공학점으로 인정
컴퓨터공학과,CSEQ982,컴퓨터학교과교재연구및지도법,3.0,"[2, 3, 4]",,교직이수자만 전공학점으로 인정
컴퓨터공학과,CSEQ983,컴퓨터학교과논리및논술,3.0,"[2, 3, 4]",,교직이수자만 전공학점으로 인정
융합소프트웨어연계전공,CSW2010,기초C언어,3.0,"[2, 3, 4]","전자공학과(불가능),컴퓨터공학과(불가능),컴퓨터공학과(불가능)","전자공학, 컴퓨터공학전공자 수강 불가"
융합소프트웨어연계전공,CSW2020,기초Java언어,3.0,"[2, 3, 4]",,
융합소프트웨어연계전공,CSW2030,자료구조입문,3.0,"[2, 3, 4]",,
융합소프트웨어연계전공,CSW2040,정보사회와인문학,3.0,"[2, 3, 4]",,
융합소프트웨어연계전공,CSW2050,코퍼스언어학,3.0,"[2, 3, 4]",,
융합소프트웨어연계전공,CSW2060,인문콘텐츠학,3.0,"[2, 3, 4]",,
융합소프트웨어연계전공,CSW3010,알고리즘입문,3.0,"[2, 3, 4]","전자공학과(불가능),컴퓨터공학과(불가능),컴퓨터공학과(불가능)","전자공학, 컴퓨터공학전공자 수강 불가"
융합소프트웨어연계전공,CSW3020,운영체제입문,3.0,"[2, 3, 4]","전자공학과(불가능),컴퓨터공학과(불가능),컴퓨터공학과(불가능)","전자공학, 컴퓨터공학전공자 수강 불가"
융합소프트웨어연계전공,CSW3030,데이터베이스입문,3.0,"[2, 3, 4]",,
융합소프트웨어연계전공,CSW3040,소프트웨어공학입문,3.0,"[2, 3, 4]","전자공학과(불가능),컴퓨터공학과(불가능),컴퓨터공학과(불가능)","전자공학, 컴퓨터공학전공자 수강 불가"
융합소프트웨어연계전공,CSW3060,빅데이터학,3.0,"[2, 3, 4]",,
융합소프트웨어연계전공,CSW3070,문화산업과스토리텔링,3.0,"[2, 3, 4]",,
융합소프트웨어연계전공,CSW3080,빅데이터마이닝입문,3.0,"[3, 4]",,
융합소프트웨어연계전공,CSW4020,정보처리및자연언어처리,3.0,"[2, 3, 4]",,
대학,CUCAU002,한국힙합의랩탐구,3.0,"[1, 2, 3, 4]",,
대학,CUCAU012,과학의논쟁,3.0,"[1, 2, 3, 4]",,
대학,CUCAU013,휴머노이드 로봇,3.0,"[2, 3, 4]",,
대학,CUCAU014,Introduction to Int'l Organizations,3.0,"[1, 2, 3, 4]",,
대학,CUCAU017,Global Business and Legal Issues,3.0,"[2, 3, 4]",,
대학,CUCAU018,빅데이터이해와활용,3.0,"[1, 2, 3, 4]",,
대학,CUCAU023,"Animal Law and Ethics,Morality, Policy and Practice",3.0,"[2, 3, 4]",,
대학,CUCKD001,"시를 읽다, 소설을 읽다, 나를 읽다",2.0,"[2, 3, 4]",,
대학,CUCKD002,잘 실패하는 법,2.0,"[2, 3, 4]",,
대학,CUCKD009,가깝고도먼중국이야기,2.0,"[2, 3, 4]",,
대학,CUCKD010,역사를품은여성들,2.0,"[1, 2, 3, 4]",,
대학,CUCKD011,세계사:키워드로 읽다,2.0,"[2, 3, 4]",,
대학,CUCKD012,긍정심리학-행복한삶을위하여,2.0,"[2, 3, 4]",,
대학,CUCKD014,박물관 미술관과 함께하는 역사 여행,2.0,"[2, 3, 4]",,
대학,CUCKU002,관찰과세상읽기,2.0,"[1, 2, 3, 4]",,
대학,CUCKU004,감성인문학,2.0,"[2, 3, 4]",,
대학,CUCKU005,생각을 세우다,2.0,"[2, 3, 4]",,
대학,CUCKU006,에코토피아와 인간,2.0,"[1, 2, 3, 4]",,
대학,CUCKU007,평화 인문학과 안중근,2.0,"[1, 2, 3, 4]",,
대학,CUDGC004,예술의이해와탐구,2.0,"[2, 3, 4]",,
대학,CUDGC008,과학기술과사회,2.0,"[2, 3, 4]",,
대학,CUDGC009,서양중세문명의이해,2.0,"[2, 3, 4]",,
대학,CUDGC010,영화고전의발견,2.0,"[2, 3, 4]",,
대학,CUDGC012,경영학의이해,2.0,"[1, 2, 3, 4]",,
대학,CUICC004,4차산업혁명과예술,2.0,"[1, 2, 3, 4]",,
대학,CUICC006,음악과 인간행동,2.0,"[2, 3, 4]",,
대학,CUICC007,세계유산의 이해,2.0,"[2, 3, 4]",,
대학,CUICC008,삶의 재발견,2.0,"[2, 3, 4]",,
대학,CUICC009,취창업과 진로,2.0,"[2, 3, 4]",,
대학,CUICC010,연애심리학,2.0,"[2, 3, 4]",,
대학,CUICC011,우리의삶과의과학,2.0,"[2, 3, 4]",,
대학,CUMPC002,공감과 소통,2.0,"[2, 3, 4]",,
대학,CUMPC003,"사랑, 성, 생명",2.0,"[2, 3, 4]",,
대학,CUMPC004,도시와 문화예술,2.0,"[2, 3, 4]",,
대학,CUPSC001,웰빙과 웰다잉,3.0,"[2, 3, 4]",,
대학,CUPSC002,문학과 정신분석,3.0,"[2, 3, 4]",,
대학,CUPSC004,서브컬쳐문화의이해와비평,3.0,"[2, 3, 4]",,
디지털인문학연계전공,DIH3003,인문 데이터베이스,3.0,"[2, 3, 4]",,
디지털인문학연계전공,DIH3004,인문데이터 전산처리,3.0,"[2, 3, 4]",,
디지털인문학연계전공,DIH3005,인문 프로그래밍 기초,3.0,"[1, 2, 3, 4]",,
디지털인문학연계전공,DIH3006,인문 프로그래밍 심화,3.0,"[2, 3, 4]",,
디지털인문학연계전공,DIH3007,디지털인문학 실습 프로젝트,3.0,"[2, 3, 4]",,
경제학과,ECO2001,경제학원론I,3.0,[1],,
경제학과,ECO2002,경제학원론II,3.0,[1],,
경제학과,ECO2003,경제수리기초,3.0,[1],"수학과(불가능),컴퓨터공학과(불가능),컴퓨터공학과(불가능)",
경제학과,ECO2004,경제통계학,3.0,[1],"수학과(불가능),컴퓨터공학과(불가능),컴퓨터공학과(불가능)",
경제학과,ECO2006,미시경제학I,3.0,[2],,"선수과목 : ECO2001, ECO2003(또는 STS2005 또는 STS2006)"
경제학과,ECO2007,거시경제학I,3.0,[2],,"선수과목:ECO2001,ECO2002,ECO2003(또는 STS2005 또는 STS2006)"
경제학과,ECO2008,수리경제학,3.0,[2],,"선수과목 : ECO2001, ECO2003(또는 STS2005 또는 STS2006)"
경제학과,ECO2009,계량경제학I,3.0,"[2, 3]",,선수과목:ECO2004(또는 MAT3020 or MGT2002 or MAT2410)
경제학과,ECO2012,동태계획법,3.0,"[2, 3, 4]",,선수과목 : ECO2003(또는 STS2005 또는 STS2006)
경제학과,ECO3001,산업경제학,3.0,"[3, 4]",,"(구)산업조직론,선수과목:ECO2006,ECO2004(또는MAT3020 또는 MGT2002 또는 MAT2410)"
경제학과,ECO3002,노동경제학,3.0,"[3, 4]",,"선수과목 : ECO2006, ECO2004(또는 MAT3020 또는 MGT2002 또는 MAT2410)"
경제학과,ECO3004,도시경제학,3.0,"[3, 4]",,선수과목 : ECO2006 미시경제학I
경제학과,ECO3005,환경경제학,3.0,"[3, 4]",,"선수과목 : ECO2006 미시경제학I, ECO2007 거시경제학I"
경제학과,ECO3008,금융경제학,3.0,"[3, 4]",,"선수과목 : ECO2006 미시경제학I, ECO2007 거시경제학I"
경제학과,ECO3009,공공경제학,3.0,"[3, 4]",,"(구) 재정학, 선수과목 : ECO2006, ECO2007"
경제학과,ECO3010,국제무역론,3.0,"[3, 4]",,선수과목 : ECO2006 미시경제학I
경제학과,ECO3011,국제금융론,3.0,"[3, 4]",,선수과목 : ECO2007 거시경제학I
경제학과,ECO3012,개발경제학,3.0,"[3, 4]",,"(구) 경제발전론I, 선수과목 : ECO2006, ECO2007"
경제학과,ECO3017,국제경제학,3.0,"[3, 4]",,"선수과목 : ECO2001 경제학원론I, ECO2002 경제학원론II"
경제학과,ECO3020,경제학현장실습,3.0,"[3, 4]",,
경제학과,ECO3021,경제성장론,3.0,"[3, 4]",,"선수과목 : ECO2007, ECO2003(또는 STS2005 또는 STS2006)"
경제학과,ECO3022,금융시장의빅데이터분석(캡스톤디자인),3.0,"[3, 4]",,"선수과목:ECO2001경제학원론I, ECO2002경제학원론II"
경제학과,ECO3023,AI금융(캡스톤디자인),3.0,"[3, 4]",,"선수과목:ECO2001경제학원론I, ECO2002경제학원론II"
경제학과,ECO3024,경제학도를위한파이썬,3.0,"[1, 2, 3]",,
경제학과,ECO3025,경제학도를위한기계학습,3.0,"[2, 3, 4]",,
경제학과,ECO3026,교통경제학,3.0,"[3, 4]",,"선수과목:ECO2001,ECO2004"
경제학과,ECO3027,전공진로설계Ⅰ,,"[2, 3, 4]",,
경제학과,ECO4001,미시경제학II,3.0,"[3, 4]",,선수과목 : ECO2006 미시경제학I
경제학과,ECO4002,거시경제학II,3.0,"[3, 4]",,선수과목 : ECO2007 거시경제학I
경제학과,ECO4004,경제수리통계학,3.0,[3],,선수과목 : ECO2004(또는 MAT3020 또는 MGT2002 또는 MAT2410)
경제학과,ECO4005,게임이론,3.0,"[3, 4]",,선수과목 : ECO2006 미시경제학I
경제학과,ECO4006,정보경제학,3.0,"[3, 4]",,선수과목 : ECO2006 미시경제학I
경제학과,ECO4007,경쟁법과산업규제의경제학,3.0,"[3, 4]",,"(구) 법과 경제, 선수과목 : ECO2006 미시경제학I"
경제학과,ECO4008,금융정책,3.0,"[3, 4]",,"선수과목 : ECO2006 미시경제학I, ECO2007 거시경제학I"
경제학과,ECO4009,파생상품시장,3.0,"[3, 4]",,"선수과목 : ECO2006, ECO2004(또는 MAT3020 또는 MGT2002 또는 MAT2410)"
경제학과,ECO4010,국제금융시장,3.0,"[3, 4]",,"선수과목 : ECO2001 경제학원론I, ECO2002 경제학원론II"
경제학과,ECO4014,한국경제론,3.0,"[3, 4]",,"선수과목 : ECO2001 경제학원론I, ECO2002 경제학원론II"
경제학과,ECO4020,경제학특강3,3.0,"[3, 4]",,"선수과목 : ECO2001, ECO2002"
경제학과,ECO4022,경제학특강5,3.0,"[3, 4]",,"선수과목 : ECO2001 경제학원론I, ECO2002 경제학원론II"
경제학과,ECO4030,행동경제학,3.0,"[3, 4]",,선수과목 : ECO2006 미시경제학I
경제학과,ECO4031,실험경제학,3.0,"[2, 3, 4]",,선수과목 : ECO2006 미시경제학I
경제학과,ECO4032,금융시장계량분석(캡스톤디자인),3.0,"[3, 4]",,선수과목 : ECO2009 계량경제학I
경제학과,ECO4036,다국적기업과경제분석,3.0,"[3, 4]",,선수과목:ECO2006 미시경제학1
경제학과,ECO4037,주식및채권시장,3.0,"[2, 3, 4]",,"선수과목:ECO2003,ECO2004,ECO2006"
경제학과,ECO4038,경기변동론(캡스톤디자인),3.0,"[3, 4]",,구)경기변동론
경제학과,ECO4039,응용미시이론,3.0,"[3, 4]",,선수과목:ECO2006
경제학과,ECOG010,고급미시경제학I,3.0,[4],,"대학원초급과목, 선수과목 : ECO2006 미시경제학I"
경제학과,ECOG020,고급거시경제학I,3.0,[4],,"대학원초급과목, 선수과목 : ECO2006, ECO2007"
경제학과,ECOG030,고급계량경제학I,3.0,[4],,"대학원초급과목, 선수과목 : ECO2009 계량경제학I"
경제학과,ECOG040,고급수리통계학,3.0,"[1, 2, 3, 4]",,
경제학과,ECOG050,AI 거시경제,3.0,"[3, 4]",,
경제학과,ECOG051,AI와빅데이터를활용한경제정보처리,3.0,"[1, 2, 3, 4]",,대학원초급과목
교육문화연계전공,EDU2001,교육학개론,3.0,"[1, 2, 3, 4]",,
교육문화연계전공,EDU2002,교육철학및교육사,2.0,"[1, 2, 3, 4]",,
교육문화연계전공,EDU2003,교육심리,2.0,"[1, 2, 3, 4]",,
교육문화연계전공,EDU2004,교육방법및교육공학,2.0,"[2, 3, 4]",,
교육문화연계전공,EDU3001,교육과정,2.0,"[2, 3, 4]",,
교육문화연계전공,EDU3002,교육행정및교육경영,2.0,"[2, 3, 4]",,
교육문화연계전공,EDU3033,교육사회,2.0,"[2, 3, 4]",,
교육문화연계전공,EDU3034,학교현장실습,2.0,[4],,
교육문화연계전공,EDU3035,교육봉사활동,2.0,"[3, 4]",,성적평가:S/U
교육문화연계전공,EDU3037,생활지도및상담,2.0,"[2, 3, 4]",,
교육문화연계전공,EDU3045,특수교육학개론,2.0,"[3, 4]",,
교육문화연계전공,EDU3046,교직실무,2.0,"[3, 4]",,
교육문화연계전공,EDU3047,교육평가,2.0,"[3, 4]",,
교육문화연계전공,EDU3048,빅데이터의이해와교육적활용(캡스톤디자인),3.0,"[2, 3, 4]",,구)빅데이터의이해와교육적활용
교육문화연계전공,EDU3049,AI활용교육의이론과실제,3.0,"[2, 3, 4]",,
교육문화연계전공,EDU3050,디지털교육,1.0,"[3, 4]",,
인문대학,EDUF981,외국어교과교육론,3.0,"[1, 2, 3, 4]",,교직이수자만 전공학점으로 인정
인문대학,EDUF982,외국어교과논리및논술,3.0,"[1, 2, 3, 4]",,교직이수자만 전공학점으로 인정
인문대학,EDUF983,외국어교과교재연구및지도법,3.0,"[1, 2, 3, 4]",,교직이수자만 전공학점으로 인정
자연과학대학,EDUS981,과학교과교육론,3.0,"[1, 2, 3, 4]",,교직이수자만 전공학점으로 인정
자연과학대학,EDUS982,과학교과논리및논술,3.0,"[1, 2, 3, 4]",,교직이수자만 전공학점으로 인정
자연과학대학,EDUS983,과학교과교재연구및지도,3.0,"[1, 2, 3, 4]",,교직이수자만 전공학점으로 인정
전자공학과,EEE1002,C언어기초,3.0,"[1, 2, 3, 4]",,
전자공학과,EEE2011,전자공학세미나I,1.0,"[2, 3, 4]",,성적평가:S/U
전자공학과,EEE2012,전자공학세미나II,1.0,"[2, 3, 4]",,
전자공학과,EEE2032,창의전자설계,3.0,[1],,(구)공학입문설계
전자공학과,EEE2051,기초전자공학실험,3.0,[2],,
전자공학과,EEE2052,디지털논리회로실험,3.0,[2],,
전자공학과,EEE2101,전자장론I,3.0,[2],,"(=물리학과 전자기학I, 둘 중 한과목만 학점인정), 선수과목 : STS2006 미적분학II"
전자공학과,EEE2102,전자장론II,3.0,[2],,"전자기학II(물리PHY2004)로 대체가능,둘 중 한 과목만 학점인정,선수과목:EEE2101전자장론I 또는 PHY2003전자기학I"
전자공학과,EEE2103,고급공학수학I,3.0,[2],,구 전자응용해석I
전자공학과,EEE2104,고급공학수학II,3.0,[2],,
전자공학과,EEE2105,첨단반도체세미나,1.0,[2],,
전자공학과,EEE2108,자료구조 및 알고리즘,3.0,[2],,구)공학프로그래밍
전자공학과,EEE2111,기초회로이론,3.0,[1],,구) 회로이론I
전자공학과,EEE2112,회로이론,3.0,[2],,"(구)회로이론II, 선수과목 : EEE2111 기초회로이론"
전자공학과,EEE2120,물리전자공학I,3.0,[2],,
전자공학과,EEE2135,디지털회로설계,3.0,[2],,"(=컴퓨터공학과 디지털회로개론, 둘 중 한과목만 학점인정)"
전자공학과,EEE2153,신호및시스템,3.0,[2],,
전자공학과,EEE2187,전자공학현장실습,3.0,[2],,
전자공학과,EEE3121,물리전자공학II,3.0,[3],,선수과목 : EEE2120 물리전자공학I
전자공학과,EEE3131,전자회로I,3.0,[3],,선수과목 : EEE2111 기초회로이론
전자공학과,EEE3132,전자회로II,3.0,[3],,선수과목 : EEE3131 전자회로I
전자공학과,EEE3141,자동제어개론,3.0,[3],,
전자공학과,EEE3142,기계학습기초,3.0,[3],,(구)디지털 제어
전자공학과,EEE3146,반도체공학,3.0,[3],,(구)반도체공학I
전자공학과,EEE3148,통신공학개론,3.0,[3],,
전자공학과,EEE3149,디지털통신,3.0,[3],,선수과목 : EEE2153 신호및시스템
전자공학과,EEE3150,반도체엘리트프로젝트,3.0,[3],,
전자공학과,EEE3154,확률및랜덤변수,3.0,[3],,(구)랜덤프로세스
전자공학과,EEE3163,고급디지털회로설계,3.0,[4],,선수과목 : EEE2135 디지털회로설계 또는 CSE3015 디지털회로개론
전자공학과,EEE3178,컴퓨터아키텍쳐,3.0,[3],,
전자공학과,EEE3181,전자회로실험,3.0,[3],,
전자공학과,EEE3182,고급전자회로실험,3.0,[3],,
전자공학과,EEE3201,운영체제및시스템프로그래밍,3.0,"[3, 4]",,
전자공학과,EEE3202,반도체공정,3.0,"[3, 4]",,
전자공학과,EEE4125,전력전자공학,3.0,[4],,(구)광전자공학
전자공학과,EEE4147,센서및마이크로시스템,3.0,[4],,
전자공학과,EEE4159,이동통신,3.0,[4],,(구)이동통신공학
전자공학과,EEE4160,컴퓨터통신,3.0,[4],,
전자공학과,EEE4161,인터넷통신망,3.0,[4],,
전자공학과,EEE4162,반도체집적회로해석및설계,3.0,[4],,
전자공학과,EEE4165,디지털영상처리개론,3.0,[4],,
전자공학과,EEE4167,마이크로프로세서개론,3.0,[4],,
전자공학과,EEE4168,임베디드시스템설계,3.0,[4],,(구)마이크로프로세서시스템설계
전자공학과,EEE4169,VLSI시스템설계,3.0,[4],,
전자공학과,EEE4171,인공지능통신,3.0,[4],,(구)데이터통신시스템
전자공학과,EEE4173,마이크로파공학,3.0,"[3, 4]",,(구)초고주파공학
전자공학과,EEE4174,마이크로파회로설계,3.0,"[3, 4]",,(구)기초초고주파회로해석
전자공학과,EEE4175,디지털신호처리개론,3.0,[3],,선수과목 : EEE2153 신호및시스템
전자공학과,EEE4178,인공지능(딥러닝)개론,3.0,[4],,
전자공학과,EEE4183,마이크로프로세서응용실험,2.0,[4],,
전자공학과,EEE4185,디자인프로젝트(캡스톤디자인),3.0,[4],,
전자공학과,EEE4190,반도체 툴 및 설계실습,,[4],,
전자공학과,EEE4204,CIS및센서소자설계,3.0,[4],,
전자공학과,EEEG272,반도체메모리 회로설계(캡스톤디자인),3.0,[4],,"구)메모리설계,테스팅실무와특허사례(캡스톤디자인),대학원초급과목"
전자공학과,EEEG273,나노반도체소자공정실무와특허사례(캡스톤디자인),3.0,[4],,
전자공학과,EEEG274,IoT디바이스설계기술(캡스톤디자인),3.0,[4],,"대학원초급과목, 구 휴대폰설계기술과비즈니스모델"
전자공학과,EEEG477,패턴인식,3.0,[4],,
영미어문전공,ENG2001,영문학개론,3.0,[1],,
영미어문전공,ENG2002,영문학배경,3.0,"[2, 3, 4]",,
영미어문전공,ENG2003,언어학개론,3.0,"[1, 2, 3, 4]",,
영미어문전공,ENG2004,현대영미문학,3.0,"[2, 3, 4]",,
영미어문전공,ENG2005,영국문화사,3.0,"[2, 3, 4]",,
영미어문전공,ENG2006,연극의이해,3.0,"[2, 3, 4]",,연극을통한영어연습(ENG2110)의 대체과목
영미어문전공,ENG2009,영미단편소설,3.0,"[2, 3, 4]",,
영미어문전공,ENG2101,영문학작문,3.0,"[1, 2]",,
영미어문전공,ENG2103,작문과수사학,3.0,"[2, 3, 4]",,영작문연습(ENG2107)의 대체과목
영미어문전공,ENG2104,실용영문법,3.0,"[1, 2, 3, 4]",,
영미어문전공,ENG3001,초서와 근대 이전 영문학,3.0,"[2, 3, 4]",,구)초서연구
영미어문전공,ENG3003,르네상스시대의영문학,3.0,"[2, 3, 4]",,
영미어문전공,ENG3004,셰익스피어,3.0,"[2, 3, 4]",,
영미어문전공,ENG3005,17세기영문학,3.0,"[2, 3, 4]",,
영미어문전공,ENG3007,낭만주의시대의영문학,3.0,"[2, 3, 4]",,
영미어문전공,ENG3009,빅토리아시대의영문학,3.0,"[2, 3, 4]",,
영미어문전공,ENG3010,빅토리아시대의소설,3.0,"[2, 3, 4]",,
영미어문전공,ENG3011,19세기미국문학,3.0,"[2, 3, 4]",,
영미어문전공,ENG3101,현대시,3.0,"[2, 3, 4]",,
영미어문전공,ENG3102,현대서양문학,3.0,"[2, 3, 4]",,
영미어문전공,ENG3103,현대영국희곡,3.0,"[2, 3, 4]",,
영미어문전공,ENG3104,현대영국소설,3.0,"[2, 3, 4]",,
영미어문전공,ENG3105,최근영국문학,3.0,"[2, 3, 4]",,
영미어문전공,ENG3106,현대미국희곡,3.0,"[2, 3, 4]",,
영미어문전공,ENG3107,현대미국소설,3.0,"[2, 3, 4]",,
영미어문전공,ENG3108,최근미국문학,3.0,"[2, 3, 4]",,
영미어문전공,ENG3201,신화와문학,3.0,"[2, 3, 4]",,
영미어문전공,ENG3209,공상과학문학,3.0,"[2, 3, 4]",,
영미어문전공,ENG3213,여성문학,3.0,"[2, 3, 4]",,
영미어문전공,ENG3214,영어권아동/청소년문학,3.0,"[2, 3, 4]",,
영미어문전공,ENG3216,영문학특강,3.0,"[2, 3, 4]",,
영미어문전공,ENG3222,소설의기원과발달,3.0,"[2, 3, 4]",,
영미어문전공,ENG3223,시와문화,3.0,"[2, 3, 4]",,
영미어문전공,ENG3224,서양문학전통,3.0,"[2, 3, 4]",,
영미어문전공,ENG3227,문학과예술,3.0,"[2, 3, 4]",,
영미어문전공,ENG3233,법과 문학,3.0,"[2, 3, 4]",,
영미어문전공,ENG3301,영어음성학,3.0,"[2, 3, 4]",,
영미어문전공,ENG3303,영어사,3.0,"[2, 3, 4]",,영어의이해(AMC2026)의 대체과목
영미어문전공,ENG3304,영어음운론,3.0,"[2, 3, 4]",,
영미어문전공,ENG3305,영어화용론,3.0,"[2, 3, 4]",,
영미어문전공,ENG3306,영어통사론,3.0,"[2, 3, 4]",,
영미어문전공,ENG3307,영어의미론,3.0,"[2, 3, 4]",,
영미어문전공,ENG3311,언어와문화,3.0,"[2, 3, 4]",,
영미어문전공,ENG3312,언어와사회,3.0,"[2, 3, 4]",,
영미어문전공,ENG3317,세계화시대의언어:최근동향과이슈,3.0,"[2, 3, 4]",,구)세계화시대의영어:최근동향과이슈
영미어문전공,ENG3322,언어유형과 언어다양성,3.0,"[2, 3, 4]",,
영미어문전공,ENG3406,영문자서전창작,3.0,"[1, 2, 3, 4]",,
영미어문전공,ENG3407,대화분석,3.0,"[2, 3, 4]",,(구) ENG3310 담화분석개론
영미어문전공,ENG3409,영어발음의이해,3.0,"[1, 2, 3, 4]",,"(구) ENG3316, 영어듣기,말하기캡스톤디자인"
영미어문전공,ENG3410,영문창작,3.0,"[2, 3, 4]",,
영미어문전공,ENG3412,영어연설과원고작성법,3.0,"[1, 2, 3, 4]",,영어연설연습(ENG2109)의 대체과목
영미어문전공,ENG3413,인간과기계와의대화인터페이스,3.0,"[3, 4]",,디지털 인문학연계전공의 영미어문전공 과목
영미어문전공,ENG3414,음성데이터처리와 음성인식(캡스톤디자인),3.0,"[3, 4]",,디지털인문학연계전공의 영미어문전공 과목
영미어문전공,ENG3415,영어어휘와 AI(캡스톤디자인),3.0,"[2, 3, 4]",,
영미어문전공,ENG3416,영문자서전 창작(캡스톤 디자인),3.0,"[3, 4]",,
영미어문전공,ENG3418,법과 문화(캡스톤디자인),3.0,"[2, 3, 4]",,
영미어문전공,ENG3419,"문학, 공연, 문화산업(캡스톤디자인)",3.0,"[2, 3, 4]",,
영미어문전공,ENG3420,언어학과 인문콘텐츠(캡스톤디자인),3.0,"[3, 4]",,
영미어문전공,ENG3430,전공진로설계Ⅰ,,"[2, 3, 4]",,
영미어문전공,ENG4001,영미어문현장실습,3.0,"[3, 4]",,
영미어문전공,ENG4099,개별연구논문,3.0,"[3, 4]",,
영미어문전공,ENGG002,중세르네상스영문학프로세미나,3.0,"[3, 4]",,
영미어문전공,ENGG003,왕정복고및18세기영문학프로세미나,3.0,"[3, 4]",,
영미어문전공,ENGG005,20세기영국문학프로세미나,3.0,"[3, 4]",,
영미어문전공,ENGG006,초기및19세기미국문학프로세미나,3.0,"[3, 4]",,
영미어문전공,ENGG007,20세기미국문학프로세미나,3.0,"[3, 4]",,대학원초급과목
영미어문전공,ENGG204,음운론I,3.0,"[3, 4]",,대학원초급과목
영미어문전공,ENGG205,통사론 I,3.0,"[3, 4]",,
영미어문전공,ENGG231,제2언어습득론입문:이론과적용,3.0,"[3, 4]",,대학원초급과목
영미어문전공,ENGG235,언어조사 및 실험연구 방법론(캡스톤디자인),3.0,"[2, 3, 4]",,구)ENG3417
영미어문전공,ENGG236,세계화 시대의 언어: 최근 동향과 이슈,3.0,"[3, 4]",,구)ENG3317
영미어문전공,ENGG284,글쓰기문법과논리적사고,3.0,"[3, 4]",,
전인교육원,ETS2001,현대세계와윤리문제,3.0,"[1, 2, 3, 4]",,구 윤리와가치
전인교육원,ETS2002,논리와비판적사고,3.0,"[1, 2, 3, 4]",,
전인교육원,ETS2003,철학산책,3.0,[1],,
전인교육원,ETS2004,종교와세계문화,3.0,"[1, 2, 3, 4]",,
전인교육원,ETU4008,삶과죽음,3.0,"[1, 2, 3, 4]",,
전인교육원,ETU4009,영화와철학,3.0,"[1, 2, 3, 4]",,
전인교육원,ETU4010,한국문화와종교,3.0,"[1, 2, 3, 4]",,
전인교육원,ETU4016,"종교,폭력,평화",3.0,"[2, 3, 4]",,
전인교육원,ETU4018,행복의추구,3.0,"[1, 2, 3, 4]",,여가와놀이의철학(ETU4007)의 대체과목
유럽문화학과,EUR2101,유럽문화와상호문화소통,3.0,"[1, 2, 3, 4]",,
유럽문화학과,EUR2103,유럽문학의명작감상,3.0,"[1, 2, 3, 4]",,
유럽문화학과,EUR2201,기초독어,3.0,"[1, 2]",,(구)GER2001
유럽문화학과,EUR2202,초급독어회화,3.0,"[1, 2]",,(구)GER2002
유럽문화학과,EUR2203,초급독문강독,3.0,"[2, 3, 4]",,(구)GER3001
유럽문화학과,EUR2206,독문법1,3.0,"[2, 3, 4]",,"(구)GER3006, (구)독문법"
유럽문화학과,EUR2239,독일문화의이해,3.0,"[1, 2, 3, 4]",,(구)GER3039
유럽문화학과,EUR2243,독일예술감상,3.0,"[2, 3, 4]",,(구)GER3043
유럽문화학과,EUR2301,기초프랑스어,3.0,"[1, 2]",,(구)FRA2001
유럽문화학과,EUR2302,쉬운프랑스어읽기,3.0,"[1, 2]",,(구)FRA2002
유럽문화학과,EUR2303,프랑스어문법1,3.0,"[1, 2]",,(구)FRA2003
유럽문화학과,EUR2304,프랑스어문법2,3.0,"[1, 2]",,(구)FRA2004
유럽문화학과,EUR2315,프랑스문화의이해,3.0,"[1, 2]",,(구)FRA2015
유럽문화학과,EUR3101,국제관계와유럽,3.0,"[1, 2, 3, 4]",,
유럽문화학과,EUR3105,유럽의언어,3.0,"[1, 2, 3, 4]",,
유럽문화학과,EUR3153,유럽의신화와문화콘텐츠산업(캡스톤디자인),3.0,"[3, 4]",,"구)유럽의신화와문화콘텐츠산업,디지털인문학연계전공 유럽문화학과전전공과목"
유럽문화학과,EUR3197,제4차 산업혁명시대의 언어학(캡스톤디자인),3.0,"[2, 3, 4]",,디지털인문학연계전공 유럽문화학과전전공과목
유럽문화학과,EUR3199,전공진로설계Ⅰ,,"[2, 3, 4]",,
유럽문화학과,EUR3202,시청각독어1,3.0,"[1, 2, 3, 4]",,"(구)GER3002, (구) 시청각독어"
유럽문화학과,EUR3203,독작문1,3.0,"[1, 2, 3, 4]",,"(구)GER3003, (구)독작문"
유럽문화학과,EUR3204,중급독문강독,3.0,"[2, 3, 4]",,(구)GER4004
유럽문화학과,EUR3205,중급독어회화,3.0,"[2, 3, 4]",,(구)GER3005
유럽문화학과,EUR3209,독일어어휘연습,3.0,"[2, 3, 4]",,(구)GER3009
유럽문화학과,EUR3215,독일어단어형성의이해,3.0,"[2, 3, 4]",,(구)GER3015
유럽문화학과,EUR3218,게르만인과독일어의역사,3.0,"[2, 3, 4]",,(구)GER3018
유럽문화학과,EUR3222,독문법2,3.0,"[2, 3, 4]",,"(구)GER3022, (구)독어조어론산책"
유럽문화학과,EUR3223,독작문2,3.0,"[2, 3, 4]",,"(구)GER3023, (구)독일어문장과문법"
유럽문화학과,EUR3225,독일단편소설,3.0,"[2, 3, 4]",,(구)GER3025
유럽문화학과,EUR3231,독일문학사,3.0,"[2, 3, 4]",,(구)GER3031
유럽문화학과,EUR3233,독일낭만주의문학,3.0,"[2, 3, 4]",,(구)GER3033
유럽문화학과,EUR3237,독일어권문학연구,3.0,"[2, 3, 4]",,(구)GER3037
유럽문화학과,EUR3238,독일작가론,3.0,"[2, 3, 4]",,(구)GER3038
유럽문화학과,EUR3240,독일의일상문화,3.0,"[1, 2, 3, 4]",,(구)GER3040
유럽문화학과,EUR3241,주제별독일문화,3.0,"[1, 2, 3, 4]",,"(구)GER3041,(구)주제별독일문화산책"
유럽문화학과,EUR3242,독일영화이해,3.0,"[2, 3, 4]",,(구)GER3042
유럽문화학과,EUR3244,독일어권문화탐방,3.0,"[2, 3, 4]",,(구)GER3044
유럽문화학과,EUR3245,독일문화사,3.0,"[2, 3, 4]",,(구)GER3045
유럽문화학과,EUR3248,독일의정치와제도,3.0,"[2, 3, 4]",,
유럽문화학과,EUR3251,독일현대소설입문,3.0,"[2, 3, 4]",,
유럽문화학과,EUR3253,독일어권문화강독,3.0,"[3, 4]",,
유럽문화학과,EUR3320,시청각프랑스어1,3.0,"[2, 3, 4]",,(구)FRA3020
유럽문화학과,EUR3321,시청각프랑스어2,3.0,"[3, 4]",,(구)FRA3021
유럽문화학과,EUR3322,시청각프랑스어3,3.0,"[3, 4]",,(구)FRA3022
유럽문화학과,EUR3323,프랑스어작문1,3.0,"[2, 3, 4]",,(구)FRA3023
유럽문화학과,EUR3324,프랑스어작문2,3.0,"[3, 4]",,(구)FRA3024
유럽문화학과,EUR3327,연극을통한프랑스어연습,3.0,"[2, 3, 4]",,(구)FRA3027
유럽문화학과,EUR3341,프랑스문학개론,3.0,"[2, 3, 4]",,(구)FRA3041
유럽문화학과,EUR3342,언어학개론,3.0,"[2, 3, 4]",,(구)FRA3042
유럽문화학과,EUR3343,프랑스언어학,3.0,"[2, 3, 4]",,(구)FRA3043
유럽문화학과,EUR3344,프랑스희곡읽기,3.0,"[2, 3, 4]",,(구)FRA3044
유럽문화학과,EUR3346,프랑스18세기문학,3.0,"[2, 3, 4]",,(구)FRA3046
유럽문화학과,EUR3349,프랑스극문학,3.0,"[2, 3, 4]",,(구)FRA3049
유럽문화학과,EUR3350,현대프랑스소설1,3.0,"[3, 4]",,(구)FRA3050
유럽문화학과,EUR3364,프랑스문화강독1,3.0,"[2, 3, 4]",,(구)FRA3064
유럽문화학과,EUR3367,프랑스대중문화연구,3.0,"[2, 3, 4]",,(구)FRA3067
유럽문화학과,EUR3368,프랑스어와대중매체,3.0,"[2, 3, 4]",,(구)FRA3068
유럽문화학과,EUR3369,프랑스문학과타예술,3.0,"[3, 4]",,(구)FRA3069
유럽문화학과,EUR3371,프랑스연극,3.0,"[2, 3, 4]",,(구)FRA3071
유럽문화학과,EUR3372,프랑스및프랑스어권의영화,3.0,"[2, 3, 4]",,(구)FRA3072
유럽문화학과,EUR4103,주제별유럽문화연구,3.0,"[2, 3, 4]",,
유럽문화학과,EUR4106,유럽의젠더연구,3.0,"[2, 3, 4]",,
유럽문화학과,EUR4108,유럽연합론,3.0,"[2, 3, 4]",,
유럽문화학과,EUR4207,시사독일어,3.0,"[2, 3, 4]",,(구)GER3007
유럽문화학과,EUR4219,시청각독어2,3.0,"[2, 3, 4]",,"(구)GER3019, (구)독일어자기표현과광고전략"
유럽문화학과,EUR4381,시청각프랑스어4,3.0,"[3, 4]",,(구)FRA4081
유럽문화학과,EUR4383,프랑스어토론,3.0,"[2, 3, 4]",,(구)FRA4083
유럽문화학과,EUR4392,프랑스어권의문학,3.0,"[2, 3, 4]",,(구)FRA4092
유럽문화학과,EUR4395,프랑스문학과역사,3.0,"[3, 4]",,(구)FRA4095
유럽문화학과,EUR4399,프랑스문화개별연구논문,3.0,"[3, 4]",,
유럽문화학과,EURG201,독일문학연구입문,3.0,"[2, 3, 4]",,"대학원초급과목, (구)GER3030, (구)독일문예학입문"
유럽문화학과,EURG202,주제별독문학,3.0,"[2, 3, 4]",,(구)GER4005
유럽문화학과,EURG211,고급독어,3.0,"[2, 3, 4]",,(구)GER3010
유럽문화학과,EURG212,독일어문장구조의이해,3.0,"[3, 4]",,
유럽문화학과,EURG301,프랑스소설이론,3.0,[4],,"(구)FRAG001, (구)불소설이론"
유럽문화학과,EURG302,프랑스대표작가연구,3.0,"[2, 3, 4]",,
유럽문화학과,EURG304,프랑스어강독과번역,3.0,"[2, 3, 4]",,(구)FRA3025
여성학 연계전공,GES2002,여성학개론,3.0,"[1, 2, 3, 4]",,
여성학 연계전공,GES2003,성과 사회,3.0,"[1, 2, 3, 4]",,
여성학 연계전공,GES3001,성평등인간학,3.0,"[1, 2, 3, 4]",,
여성학 연계전공,GES3002,여성과일,3.0,"[1, 2, 3, 4]",,
여성학 연계전공,GES3005,여성과문학,3.0,"[1, 2, 3, 4]",,
여성학 연계전공,GES3007,여성과정치,3.0,"[1, 2, 3, 4]",,
여성학 연계전공,GES3009,여성심리학,3.0,"[1, 2, 3, 4]",,
여성학 연계전공,GES3012,여성과대중문화,3.0,"[1, 2, 3, 4]",,
여성학 연계전공,GES3013,한국여성사,3.0,"[1, 2, 3, 4]",,
여성학 연계전공,GES3019,성과사랑,3.0,"[1, 2, 3, 4]",,
여성학 연계전공,GES3023,여성과 예술,3.0,"[1, 2, 3, 4]",,
여성학 연계전공,GES3024,유럽의젠더연구,3.0,"[2, 3, 4]",,
여성학 연계전공,GESG003,여성운동사,3.0,"[3, 4]",,
여성학 연계전공,GESG004,여성과미디어,3.0,"[1, 2, 3, 4]",,
글로벌융합학부,GIS1001,글로벌융학학부입문,1.0,"[1, 2, 3, 4]",,
글로벌융합학부,GIS2002,회계학,3.0,"[1, 2, 3, 4]",,
글로벌융합학부,GIS2003,The Art of Storytelling,3.0,"[1, 2, 3, 4]",,
글로벌한국학부,GKE2001,한국어교육학개론,3.0,"[1, 2, 3, 4]",,
글로벌한국학부,GKE2002,한국어학개론,3.0,"[1, 2, 3, 4]",,
글로벌한국학부,GKE3003,대조언어학,3.0,"[1, 2, 3, 4]",,
글로벌한국학부,GKE3013,한국어평가론,3.0,"[2, 3, 4]",,
글로벌한국학부,GKE3031,한국대중문화의이해,3.0,"[2, 3, 4]",,구) KSC4001
글로벌한국학부,GKE3032,한국의국제관계,3.0,"[2, 3, 4]",,구) KSC4004
글로벌한국학부,GKE3033,미디어의변화와한국,3.0,"[2, 3, 4]",,구) KSC4005
글로벌한국학부,GKE3035,한국전통문화의 이해,3.0,"[2, 3, 4]",,구) KSC4009
글로벌한국학부,GKE3036,남북한관계론,3.0,"[2, 3, 4]",,구) KSC4010
글로벌한국학부,GKEG001,한국어 데이터 기반 한국언어문화연구,3.0,[4],,
글로벌한국학부,GKS1001,Critical Thinking for Social Inquiry,3.0,"[1, 2, 3, 4]","국제한국학과(가능),글로벌한국학과(가능),글로벌한국학부(가능)",구) MAS1005
글로벌한국학부,GKS1002,Global Citizenship,3.0,"[1, 2, 3, 4]",,
글로벌한국학과,GKS2001,Introductory Seminar in Korean Studies,3.0,"[1, 2, 3, 4]",,구)KOS2007
글로벌한국학과,GKS2002,Korean Studies and Data Science,3.0,"[1, 2, 3, 4]",,
글로벌한국학과,GKS2003,Understanding Korean History in the Context of Time/Space,3.0,"[1, 2, 3, 4]",,
글로벌한국학과,GKS2004,Korean Studies in Practice I(캡스톤디자인),3.0,"[1, 2, 3, 4]",,
글로벌한국학과,GKS3001,Global Diffusion of the K-wave,3.0,"[1, 2, 3, 4]",,구)INTRODUCTION TO KOREAN LITERATURE
글로벌한국학과,GKS3002,Intro to Korea thru Literature and Film,3.0,"[1, 2, 3, 4]",,(구)KOS2201
글로벌한국학과,GKS3006,East asian development Revisited,3.0,"[2, 3, 4]",,
글로벌한국학과,GKS3007,Topics in Korea Today,3.0,"[1, 2, 3, 4]",,"구KOS2205, POLITICS, ECONOMY, AND SOCIETY"
글로벌한국학과,GKS3008,Statistical Thinking for Global Korean Studies,3.0,"[1, 2, 3, 4]",,구)INTRODUCTION TO STATISTICAL&EXPLORATOR
글로벌한국학과,GKS3009,Korean Society and Media: Continuity of Political Topics,3.0,"[1, 2, 3, 4]",,"구)TOPICSINKOREANTRADITIONS:HIS.REL,LIT."
글로벌한국학과,GKS3012,Image Pedagogy for Korean Studies,3.0,"[1, 2, 3, 4]",,구)KOREAN STUDIES SEMINAR
글로벌한국학과,GKS3024,Korean Language&Culture-Intermediate,3.0,"[2, 3, 4]",,
글로벌한국학과,GKS3029,Korean Language and Society-Beginner,3.0,"[2, 3, 4]",,
글로벌한국학과,GKS3030,Korean Language&Culture-Advanced,3.0,"[2, 3, 4]",,
글로벌한국학과,GKS3031,Korean Language&History-Advanced,3.0,"[2, 3, 4]",,
글로벌한국학과,GKS4001,Translated Korea: The Social History of Concepts in Korea,3.0,"[2, 3, 4]",,
글로벌한국학과,GKS4006,Korean Studies Seminar: Gender and Devel,3.0,"[3, 4]",,
글로벌한국학과,GKS4007,International Politics of the Korean Pen,3.0,"[1, 2, 3, 4]",,
글로벌한국학과,GKS4009,Introduction to Exploratory Machine Learning,3.0,"[1, 2, 3, 4]",,
글로벌한국학과,GKS4011,The Medium of Korean Cultural Modernity,3.0,"[1, 2, 3, 4]",,구)KOS3004
글로벌한국학과,GKS4015,Curatorial Studies for Korean Culture Exchange,3.0,"[2, 3, 4]",,구)MATHEMATICAL FOUNDATIONS OF DATA SCIE
글로벌한국학과,GKS4016,국제한국학이론과실습1(캡스톤디자인),3.0,"[2, 3, 4]",,교환학생수강불가 / (구)KOS4103
글로벌한국학과,GKSG003,Reading Theories of Korean Development,3.0,"[3, 4]",,
글로벌한국학과,GKSG004,Research in Korean Studies : Labour and Development,3.0,"[3, 4]",,
글로벌한국학과,GKSG007,한국학빅데이터분석(캡스톤디자인),3.0,"[3, 4]",,
글로벌한국학과,GKSG008,Programming for Applied Deep Learning,3.0,"[2, 3, 4]",,
글로벌한국학과,GKSG009,Korean Computational Linguistics,3.0,"[3, 4]",,
글로벌한국학과,GKSG010,Korean Historians Behind the Camera,3.0,"[1, 2, 3, 4]",,(구)GKS4013
글로벌한국학과,GKSG011,AdvancedAcademicWritinginKoreanStudies,3.0,[4],,"(구)KOS4002,(구)GKS2005"
글로벌한국학과,GKSG012,Intro to Korean Sociolinguistics,3.0,"[2, 3]",,구)GKS3003
글로벌융합학부,GME3000,미디어커뮤니케이션입문,3.0,"[2, 3, 4]",,
글로벌융합학부,GME3002,영상제작기초,3.0,"[2, 3, 4]",,
글로벌융합학부,GME3003,PR의이해,3.0,"[2, 3, 4]",,
전인교육원,HFS2001,철학적인간학,3.0,[2],,인간과세계에대한관상(스탈링스)(SHU4055)의 대체과목
전인교육원,HFS2002,신학적인간학,3.0,[2],,신의문제(HFS2005)의 대체과목/그리스도교사상(HFS2004)의 대체과목
전인교육원,HFS2003,그리스도교윤리,3.0,[2],,
전인교육원,HFU4003,생명윤리,3.0,"[1, 2, 3, 4]",,
전인교육원,HFU4012,그리스도교신앙과영성,3.0,"[1, 2, 3, 4]",,그리스도교개론(HFU4002)의 대체과목
전인교육원,HFU4014,영성수련,2.0,"[2, 3, 4]",,(구)영성과기도(HFU4017)의 대체과목/성적평가:S/U
전인교육원,HFU4023,진·선·미·성,3.0,"[2, 3, 4]",,사유와삶의기술(스탈링스)(SHU4056)의 대체과목
전인교육원,HFU4024,문학치료와스토리텔링,3.0,"[1, 2, 3, 4]",,(구)문학과영성
전인교육원,HFU4026,치유의행복학,3.0,"[1, 2, 3, 4]",,
전인교육원,HFU4027,거꾸로다시그리고치유,3.0,"[1, 2, 3, 4]",,
사학과,HIS2002,현대세계의역사적이해,3.0,"[1, 2]",,
사학과,HIS2003,한국사개론Ⅰ,3.0,"[2, 3, 4]",,"구 한국사개설I,II 통합과목"
사학과,HIS2004,동아시아사개론Ⅰ,3.0,"[2, 3, 4]",,"구 동양사개설I,II 통합과목"
사학과,HIS2005,서양사개론Ⅰ,3.0,"[2, 3, 4]",,"구 서양사개설I,II 통합과목"
사학과,HIS2006,역사학입문,3.0,"[1, 2, 3, 4]",,역사란무엇인가(HIS2001)의 대체과목(2013학번이전의경우)
사학과,HIS3001,한국고대사,3.0,"[2, 3, 4]",,
사학과,HIS3003,조선시대사,3.0,"[2, 3, 4]",,
사학과,HIS3004,한국근대사,3.0,"[2, 3, 4]",,
사학과,HIS3005,한국현대사,3.0,"[2, 3, 4]",,
사학과,HIS3006,중국고대사,3.0,"[2, 3, 4]",,
사학과,HIS3007,중국중세사,3.0,"[2, 3, 4]",,
사학과,HIS3008,중국근세사,3.0,"[2, 3, 4]",,
사학과,HIS3009,근대중국의개혁과혁명,3.0,"[2, 3, 4]",,
사학과,HIS3010,중국현대사,3.0,"[2, 3, 4]",,
사학과,HIS3011,전통시대의일본,3.0,"[2, 3, 4]",,
사학과,HIS3014,일본사개설,3.0,"[2, 3, 4]",,
사학과,HIS3015,요동사,3.0,"[2, 3, 4]",,
사학과,HIS3018,아시아지역사특강1,3.0,"[2, 3, 4]",,
사학과,HIS3020,오리엔트문명사,3.0,"[2, 3, 4]",,
사학과,HIS3021,서양고대사,3.0,"[2, 3, 4]",,
사학과,HIS3022,서양중세사,3.0,"[2, 3, 4]",,
사학과,HIS3026,민족주의와제국주의시대사,3.0,"[2, 3, 4]",,
사학과,HIS3027,양차세계대전사,3.0,"[2, 3, 4]",,
사학과,HIS3030,영국사개설,3.0,"[2, 3, 4]",,"구 영국사개설I,II 통합과목"
사학과,HIS3032,프랑스사개설,3.0,"[2, 3, 4]",,
사학과,HIS3035,동유럽의역사와문화,3.0,"[2, 3, 4]",,
사학과,HIS3037,미국사개설,3.0,"[2, 3, 4]",,
사학과,HIS3038,현대미국의역사적이해,3.0,"[2, 3, 4]",,
사학과,HIS3039,한국사학사,3.0,"[2, 3, 4]",,
사학과,HIS3040,한국사개론Ⅱ,3.0,"[2, 3, 4]",,(구)세계문명사Ⅰ
사학과,HIS3041,한국사상사,3.0,"[2, 3, 4]",,
사학과,HIS3042,한국정치사,3.0,"[2, 3, 4]",,
사학과,HIS3043,한국사회경제사,3.0,"[2, 3, 4]",,
사학과,HIS3044,한국제도사,3.0,"[2, 3, 4]",,
사학과,HIS3045,한국사회신분사,3.0,"[2, 3, 4]",,
사학과,HIS3046,한중관계사,3.0,"[2, 3, 4]",,구)한중교섭사
사학과,HIS3048,한미관계사,3.0,"[2, 3, 4]",,
사학과,HIS3052,한국금석학,3.0,"[2, 3, 4]",,
사학과,HIS3053,한국여성사,3.0,"[2, 3, 4]",,
사학과,HIS3055,동아시아사개론II,3.0,"[2, 3, 4]",,(구)세계문명사II
사학과,HIS3058,동서교류사,3.0,"[2, 3, 4]",,
사학과,HIS3060,동아시아의국제질서(중국어강의),3.0,"[2, 3, 4]",,
사학과,HIS3062,서양사개론Ⅱ,3.0,"[2, 3, 4]",,(구)세계문명사Ⅲ
사학과,HIS3070,문화유산현장실습1,1.0,"[2, 3, 4]",,성적평가:S/U
사학과,HIS3071,문화유산현장실습2,1.0,"[1, 2, 3, 4]",,성적평가:S/U
사학과,HIS3072,문화유산현장실습3,1.0,"[1, 2, 3, 4]",,"구 고적답사3, 성적평가:S/U"
사학과,HIS3073,문화유산현장실습4,1.0,"[1, 2, 3, 4]",,
사학과,HIS3074,전공진로설계Ⅰ,,"[2, 3, 4]",,
사학과,HIS3081,이슬람사,3.0,"[1, 2, 3, 4]",,
사학과,HIS3082,디지털역사학개론,3.0,"[2, 3, 4]",,디지털인문학연계전공 사학과전공과목
사학과,HIS3083,역사DB의이해와활용,3.0,"[2, 3, 4]","사학과,디지털인문학연계전공(가능)",디지털인문학연계전공 사학과전공과목
사학과,HIS3084,지리정보시스템(GIS)과 역사지도,3.0,"[2, 3, 4]",,
사학과,HIS3086,역사문화와 지속가능한 도시인문학(캡스톤디자인),3.0,"[2, 3, 4]",,
사학과,HIS3092,러시아사개설,3.0,"[2, 3, 4]",,
사학과,HIS4001,한국사특강1,3.0,"[2, 3, 4]",,
사학과,HIS4003,한국사특강3,3.0,"[3, 4]",,
사학과,HIS4004,한국사특강4,3.0,"[2, 3, 4]",,
사학과,HIS4005,한국사강독1,3.0,"[3, 4]",,
사학과,HIS4007,한국사강독3,3.0,"[3, 4]",,
사학과,HIS4008,동양사특강1,3.0,"[3, 4]",,
사학과,HIS4009,동양사특강2,3.0,"[3, 4]",,
사학과,HIS4010,동양사강독1,3.0,"[3, 4]",,
사학과,HIS4011,동양사강독2,3.0,"[3, 4]",,
사학과,HIS4012,서양사특강1,3.0,"[3, 4]",,
사학과,HIS4013,서양사특강2,3.0,"[3, 4]",,
사학과,HIS4014,서양사특강3,3.0,"[2, 3, 4]",,
사학과,HIS4017,서양사명저해제1,3.0,"[3, 4]",,
사학과,HIS4018,서양사명저해제2,3.0,"[3, 4]",,구 서양사강독2(교과목명변경)
사학과,HIS4031,역사글쓰기,3.0,"[3, 4]",,구 역사학논문쓰기
사학과,HISQ981,역사교과교육론,3.0,"[3, 4]",,교직이수자만 전공학점으로 인정
사학과,HISQ982,역사교과논리및논술,3.0,"[2, 3, 4]",,교직이수자만 전공학점으로 인정
사학과,HISQ983,역사교과교재연구및지도법,3.0,"[2, 3, 4]",,교직이수자만 전공학점으로 인정
전인교육원,HLU4001,영양과다이어트,2.0,"[1, 2, 3, 4]",,
전인교육원,HLU4003,운동과건강,2.0,"[1, 2, 3, 4]",,
전인교육원,HLU4004,수영,1.0,"[1, 2, 3, 4]",,문의:체육관행정실(8207)
전인교육원,HLU4006,요가,1.0,"[1, 2, 3, 4]",,장소:체육관 방음실(705-8207)
전인교육원,HLU4007,테니스,1.0,"[1, 2, 3, 4]",,"장소:테니스코트,문의:체육관(705-8207)"
전인교육원,HLU4008,탁구,1.0,"[1, 2, 3, 4]",,장소:체육관(705-8207)
전인교육원,HLU4009,배드민턴,1.0,"[1, 2, 3, 4]",,장소:체육관(705-8207)
전인교육원,HLU4011,농구,1.0,"[1, 2, 3, 4]",,장소:체육관(705-8207)
전인교육원,HLU4013,축구,1.0,"[1, 2, 3, 4]",,"장소:운동장,문의:체육관(705-8207)"
전인교육원,HLU4014,야구,1.0,"[1, 2, 3, 4]",,"장소:운동장,문의:체육관(705-8207)"
전인교육원,HLU4015,골프,1.0,"[1, 2, 3, 4]",,장소:체육관(705-8207)
전인교육원,HLU4016,춤과풍물,1.0,"[1, 2, 3, 4]",,체육관 방음실/에어로빅및포크댄스(HLU4010)의 대체과목
전인교육원,HSS3001,인간과인성,2.0,"[1, 2, 3, 4]",,성적평가:S/U  /리더십특강(LED3003)의 대체과목
전인교육원,HSS3002,사회봉사,2.0,"[1, 2, 3, 4]",,기초사회봉사(HSS3020)의 대체과목/성적평가:S/U  /2013-1학기부터 2학점과목으로 변경
전인교육원,HSS3004,특수교육과장애의이해,3.0,"[1, 2, 3, 4]",,
전인교육원,HSS3005,수화의이해,3.0,"[1, 2, 3, 4]",,성적평가:S/U
전인교육원,HSS3011,영어토론세미나,3.0,"[2, 3, 4]",,
전인교육원,HSS3013,인문세미나,3.0,"[1, 2, 3, 4]",,구)현대인문세미나
전인교육원,HSS3016,진로탐색입문,1.0,"[1, 2, 3]",,S/U평가  /구 진로탐색/현대사회와자기계발(SHU4030)의 대체과목
전인교육원,HSS3017,학습매니지먼트,1.0,"[1, 2]",,"1~2학년 대상, S/U과목"
전인교육원,HSS3019,세계를간다,2.0,"[1, 2, 3, 4]",,"수강승인과목(문의:이냐시오:705-8944), S/U평가 과목"
전인교육원,HSS3021,인간과지성,2.0,"[1, 2, 3, 4]",,과목평가:S/U
전인교육원,HSS3022,인간과영성,2.0,"[1, 2, 3, 4]",,성적평가:S/U
전인교육원,HSS3023,사회참여와성찰,3.0,"[1, 2, 3, 4]",,"(구)사회참여실천프로젝트, S/U과목"
전인교육원,HSS3024,글로벌기업 CEO의 기업가 정신 특강,1.0,"[2, 3]",,S/U평가 (구)글로벌기업CEO특강
전인교육원,HSS3025,진로탐색심화,1.0,"[2, 3]",,구 LED3008 진로개발세미나
전인교육원,HSS3026,SOFEX100동아시아와예수회교육,3.0,"[2, 3, 4]",,절대평가(3학점)
전인교육원,HSS3028,아픈영혼을 철학으로 치유하기,3.0,"[1, 2, 3, 4]",,가톨릭 공유대학 교과목
전인교육원,HSS3029,사회인 준비 특강,1.0,"[1, 2, 3, 4]",,
전인교육원,HSS3030,지속가능한발전과 ESG실천(종합설계),3.0,"[2, 3, 4]",,"절대평가(3학점), PBL수업"
전인교육원,HSS3031,도시혁신프로젝트(종합설계),3.0,"[2, 3, 4]",,
전인교육원,HSS3032,인문학의 세계,3.0,[1],,
전인교육원,HSS4001,음악쓰기: 이론에서 창작까지(탐구공동체),1.5,"[1, 2, 3, 4]",,
전인교육원,HSS4002,‘주(週)’의 인문학(탐구공동체),1.5,"[1, 2, 3, 4]",,
전인교육원,HSS4003,재즈와 현대 사회(탐구공동체),1.5,"[1, 2, 3, 4]",,
전인교육원,HSS4006,3D디자인을 통한 사고와표현(탐구공동체),1.5,"[1, 2, 3, 4]",,
신문방송학과,JAS3001,저널리즘개론,3.0,[2],,구) COM3101 저널리즘개론
신문방송학과,JAS3003,네트워크사회와미디어,3.0,"[3, 4]",,정보사회와미디어(COM3130)의 대체과목
신문방송학과,JAS3004,영상문화와사회,3.0,[3],,구) COM3121 영상문화와사회/영상문화의이해(COM3309)의 대체과목
신문방송학과,JAS3005,대중문화론,3.0,"[3, 4]",,구) COM3111 대중문화론/문화간커뮤니케이션(COM3114)의 대체과목
신문방송학과,JAS3007,광고4.0,3.0,"[1, 2, 3, 4]",,구) COM3201 광고커뮤니케이션/광고매체기획론(COM3211)의 대체과목
신문방송학과,JAS3008,PR의이해,3.0,"[2, 3, 4]",,구) COM3202 PR의이해
신문방송학과,JAS3009,광고카피라이팅과전략적글쓰기,3.0,"[3, 4]",,구) COM3210 광고카피라이팅과전략적글쓰기/광고크리에이티브론(COM3209)의대체과목
신문방송학과,JAS3011,PR글쓰기와실무,3.0,"[3, 4]",,구) COM3214 PR작문
신문방송학과,JAS3012,텔레비전론,3.0,[2],,구) COM3102
신문방송학과,JAS3013,PR이론과실제,3.0,[2],,
신문방송학과,JAS3014,창의적말하기와글쓰기,3.0,"[3, 4]",,"구 COM3103 / 구 스피치커뮤니케이션,비판적말하기와글쓰기"
신문방송학과,JAS3015,광고와디자인기획,3.0,"[2, 3, 4]",,
신문방송학과,JAS3016,광고문화비평,3.0,"[1, 2, 3, 4]",,
신문방송학과,JAS3017,AI 활용 광고와 디자인 기획,3.0,"[2, 3, 4]",,구)JAS3015
신문방송학과,JAS3018,전공진로설계Ⅰ,,"[2, 3, 4]",,
신문방송학과,JAS3019,게임과 문화,3.0,"[1, 2, 3, 4]",,
신문방송학과,JAS3020,크리에이티비티와 미디어컨텐츠,3.0,"[1, 2, 3, 4]",,
신문방송학과,JAS4003,미디어문화사,3.0,"[3, 4]",,구 커뮤니케이션문화사(교과목명 변경)/미디어문화연구의이론및실제(COM3112)의 대체과목
신문방송학과,JAS4004,커뮤니케이션테크놀로지와비판이론,3.0,"[2, 3, 4]",,
신문방송학과,JAS4006,광고커뮤니케이션과소비자심리분석,3.0,"[1, 2, 3, 4]",,구) COM3204
신문방송학과,JAS4007,미디어와위기커뮤니케이션,3.0,"[3, 4]",,구) COM3216
신문방송학과,JAS4008,창의력과 미디어 콘텐츠,3.0,"[3, 4]",,구)영상문화세미나
신문방송학과,JAS4009,공공외교와글로벌전략커뮤니케이션,3.0,"[2, 3, 4]",,
신문방송학과,JAS4011,마케팅커뮤니케이션과시장읽기,3.0,"[3, 4]",,
신문방송학과,JAS4012,스타트업 전략 커뮤니케이션,3.0,"[3, 4]",,(구)벤처마케팅커뮤니케이션
신문방송학과,JAS4013,미디어콘텐츠포맷론:Youtube이론및실습,3.0,"[3, 4]",,구)COM3127/미디어편집의이해와실제(COM3124)의 대체과목
신문방송학과,JAS4014,데이터마이닝,3.0,"[3, 4]",,구) COM3125 / 구 신문제작실습(과목명변경)
신문방송학과,JAS4016,IMC캠페인실습,3.0,"[3, 4]",,구) COM3212/광고홍보 현장실습(COM3290)의 대체과목/광고PR현장실습(COM3219)의 대체과목
신문방송학과,JAS4017,전략커뮤니케이션기획실습(캡스톤디자인),3.0,"[3, 4]",,구) COM3215/전략적커뮤니케이션기획및실무캡스톤디자인(COM3222)
신문방송학과,JAS4019,한국언론사,3.0,[2],,
신문방송학과,JAS4021,정치커뮤니케이션,3.0,"[2, 3, 4]",,"구)COM3107,구 대중매체와민주주의"
신문방송학과,JAS4024,매스컴연구,3.0,[3],,구)매스컴연구(기획탐사보도실습)
신문방송학과,JAS4030,마케팅PR,3.0,"[2, 3, 4]",,구)COM3207
신문방송학과,JAS4031,사내커뮤니케이션,3.0,"[3, 4]",,구)COM3217
신문방송학과,JAS4032,소셜미디어와글로벌소비자행동,3.0,"[2, 3, 4]",,
신문방송학과,JAS4033,심층기획취재와뉴스제작,3.0,"[2, 3, 4]",,
신문방송학과,JAS4034,방송 저널리즘,3.0,"[2, 3, 4]",,구)영상저널리즘
신문방송학과,JAS4035,국제뉴스실습(캡스톤디자인),3.0,"[3, 4]",,
신문방송학과,JAS4036,나노디그리심화워크숍(데이터기반비즈니스창업),,"[1, 2, 3, 4]",,
신문방송학과,JAS4037,북한과 미디어,3.0,"[1, 2, 3, 4]",,
신문방송학과,JAS4038,저널리즘 윤리(캡스톤디자인),3.0,"[1, 2, 3, 4]",,
신문방송학과,JAS4039,공익광고 기획 및 제작,3.0,"[1, 2, 3, 4]",,
신문방송학과,JAS4041,한국 현대사회와 언론보도,3.0,"[1, 2, 3, 4]",,
신문방송학과,JAS4042,젠더와 미디어,3.0,"[1, 2, 3, 4]",,
신문방송학과,JAS4590,인턴십(계절),3.0,"[3, 4]",,"구)언론정보현장실습, S/U과목"
신문방송학과,JASG203,미디어와 데이터 사이언스,3.0,"[3, 4]",,
신문방송학과,JASG204,소셜미디어와 글로벌소비자행동,3.0,"[1, 2, 3, 4]",,구)JAS4032
일본문화전공,JPN2001,중급일본어I,3.0,"[1, 2, 3, 4]",,
일본문화전공,JPN2002,중급일본어II,3.0,"[1, 2, 3, 4]",,
일본문화전공,JPN2003,미디어일본어,3.0,"[1, 2, 3, 4]",,
일본문화전공,JPN2004,초급 일본어 회화,3.0,"[1, 2, 3, 4]",,구)일본어회화
일본문화전공,JPN2005,일본어작문,3.0,"[1, 2, 3, 4]",,
일본문화전공,JPN2007,시사일본어,3.0,"[1, 2, 3, 4]",,
일본문화전공,JPN2008,일본문학의이해,3.0,"[1, 2, 3, 4]",,
일본문화전공,JPN2009,일본문화의이해,3.0,"[1, 2, 3, 4]",,
일본문화전공,JPN2010,일본학개론,3.0,"[1, 2, 3, 4]",,
일본문화전공,JPN2011,일본소설강독,3.0,"[1, 2, 3, 4]",,
일본문화전공,JPN2012,영화를통한일본이해,3.0,"[1, 2, 3, 4]",,
일본문화전공,JPN2013,일본문화특강I,3.0,"[1, 2, 3, 4]",,
일본문화전공,JPN2017,중급 일본어 회화,3.0,"[1, 2, 3, 4]",,
일본문화전공,JPN3001,일본사회의이해,3.0,"[1, 2, 3, 4]",,
일본문화전공,JPN3002,일본의법과사회,3.0,"[1, 2, 3, 4]",,
일본문화전공,JPN4005,일본문학특강,3.0,"[2, 3, 4]",,
일본문화전공,JPN4011,일본사회특강,3.0,"[2, 3, 4]",,
전인교육원,KCS1001,한국사회와 한국어,3.0,[1],,"구)한국문화의이해,구)한국문화의이해와체험"
전인교육원,KCS1002,대학생활과 한국어,3.0,[1],,"구)대학생활과학문의탐색,구)한국문화의이해와탐색"
한국발전과국제개발협력연계전공,KIC3004,국제개발협력과NGO,3.0,"[2, 3, 4]",,
한국발전과국제개발협력연계전공,KIC3005,국제개발협력의주요의제,3.0,"[2, 3, 4]",,
전인교육원,KLC1001,한국어 의사소통Ⅰ,3.0,"[1, 2, 3, 4]",,구) COR1014
전인교육원,KLC1002,한국어 의사소통Ⅱ,3.0,"[1, 2, 3, 4]",,구) KSC3002
전인교육원,KLC1003,학문공동체의 탐색Ⅰ,3.0,"[1, 2, 3, 4]",,구) KSC2001
전인교육원,KLC1004,학문공동체의 탐색Ⅱ,3.0,"[1, 2, 3, 4]",,구) KSC3001
전인교육원,KLC1005,K-Culture 프로젝트Ⅰ,2.0,"[1, 2, 3, 4]",,
전인교육원,KLC1006,K-Culture 프로젝트Ⅱ,2.0,"[1, 2, 3, 4]",,
전인교육원,KLC1007,글로벌상호멘토링Ⅰ,1.0,"[1, 2, 3, 4]",,
전인교육원,KLC1009,국제 학생을 위한 진로와 취업(캡스톤디자인),3.0,"[1, 2, 3, 4]",,구)국제 학생을 위한 진로와 취업
전인교육원,KLC1010,비즈니스 한국어,3.0,"[1, 2, 3, 4]",,
전인교육원,KLC1014,미디어와 한국어 기초,3.0,"[1, 2, 3, 4]",,구) KSC3004
전인교육원,KLC1015,미디어와 한국어 연습,3.0,"[1, 2, 3, 4]",,구) KSC4002
전인교육원,KLC1016,한국어 독서와 토론,3.0,"[1, 2, 3, 4]",,구) KSC4006
전인교육원,KLC1017,한국어 발음 특강,3.0,"[1, 2, 3, 4]",,구) KSC2004
전인교육원,KLC1018,한국어 프레젠테이션 연습,3.0,"[1, 2, 3, 4]",,구) KSC2003
전인교육원,KLC1019,한국어작문연습,3.0,"[1, 2, 3, 4]",,구) KSC2002
전인교육원,KLC1021,학문 목적 한국어 말하기 I,3.0,"[1, 2, 3, 4]",,구)한국사회와 한국어
전인교육원,KLC1022,학문 목적 한국어 말하기 I(고급),3.0,"[1, 2, 3, 4]",,구)한국사회와 한국어
전인교육원,KLC1025,학문 목적 한국어 글쓰기 I,3.0,"[1, 2, 3, 4]",,구)한국어의사소통Ⅰ
전인교육원,KLC1026,학문 목적 한국어 글쓰기 I(고급),3.0,"[1, 2, 3, 4]",,구)한국어의사소통Ⅰ
전인교육원,KLC1027,학문 목적 한국어 글쓰기 II,3.0,"[1, 2, 3, 4]",,구)대학생활과 한국어
국어국문학과,KOR2001,국어학입문,3.0,"[1, 2]",,
국어국문학과,KOR2200,국문학개설,3.0,"[1, 2]",,
국어국문학과,KOR2201,문학이란무엇인가,3.0,"[1, 2]",,
국어국문학과,KOR3002,국어음운론,3.0,"[2, 3, 4]",,구)국어의음운체계
국어국문학과,KOR3003,국어의문장구조,3.0,"[2, 3, 4]",,
국어국문학과,KOR3004,국어형태론,3.0,"[2, 3, 4]",,
국어국문학과,KOR3005,국어의미론,3.0,"[2, 3, 4]",,
국어국문학과,KOR3006,국어방언론,3.0,"[2, 3, 4]",,
국어국문학과,KOR3007,국어담화화용론,3.0,"[2, 3, 4]",,구)텍스트언어학
국어국문학과,KOR3010,중세국어강독,3.0,"[2, 3, 4]",,
국어국문학과,KOR3015,국어사,3.0,"[2, 3, 4]",,
국어국문학과,KOR3201,한문I,3.0,"[2, 3, 4]",,
국어국문학과,KOR3203,구비문학론,3.0,"[2, 3, 4]",,구)구술문학론
국어국문학과,KOR3204,국문학과전통문화,3.0,"[2, 3, 4]",,
국어국문학과,KOR3205,문장과수사,3.0,"[2, 3, 4]",,
국어국문학과,KOR3208,문학과문화,3.0,"[2, 3, 4]",,
국어국문학과,KOR3212,국문학과세계문학,3.0,"[2, 3, 4]",,
국어국문학과,KOR3213,문학과 융합적 상상력,3.0,"[2, 3, 4]",,(구)기호학
국어국문학과,KOR3214,전공진로설계Ⅰ,,"[2, 3, 4]",,
국어국문학과,KOR3300,고전문학사,3.0,"[2, 3, 4]",,
국어국문학과,KOR3301,고전시텍스트읽기,3.0,"[2, 3, 4]",,
국어국문학과,KOR3302,고전소설텍스트읽기,3.0,"[2, 3, 4]",,
국어국문학과,KOR3303,고전수필론,3.0,"[2, 3, 4]",,
국어국문학과,KOR3304,한문과한문학,3.0,"[2, 3, 4]",,
국어국문학과,KOR3305,고전시가론,3.0,"[2, 3, 4]",,구)향가와고려시가
국어국문학과,KOR3307,고전소설론,3.0,"[2, 3, 4]",,
국어국문학과,KOR3309,한문학강독,3.0,"[2, 3, 4]",,
국어국문학과,KOR3315,설화 문학의 이해,3.0,"[2, 3, 4]",,"구)신화론, 설화텍스트읽기"
국어국문학과,KOR3401,현대시텍스트읽기I,3.0,"[2, 3, 4]",,
국어국문학과,KOR3402,현대소설텍스트읽기I,3.0,"[2, 3, 4]",,
국어국문학과,KOR3405,현대시텍스트읽기II,3.0,"[2, 3, 4]",,
국어국문학과,KOR3406,현대소설텍스트읽기II,3.0,"[2, 3, 4]",,
국어국문학과,KOR3409,현대소설론,3.0,"[2, 3, 4]",,
국어국문학과,KOR3413,영상문학론,3.0,"[2, 3, 4]",,
국어국문학과,KOR3417,문학으로 바라본 현대사회,3.0,"[2, 3, 4]",,
국어국문학과,KOR4001,국어학연습,3.0,"[3, 4]",,
국어국문학과,KOR4002,외국어로서의한국어교육,3.0,"[3, 4]",,"구 KOR4202, 외국어로서의한국어교육연습"
국어국문학과,KOR4300,고전문학연습,3.0,"[3, 4]",,
국어국문학과,KOR4400,현대문학연습,3.0,"[3, 4]",,
국어국문학과,KOR4501,언어와컴퓨터,3.0,"[3, 4]",,
국어국문학과,KOR4503,디지털인문학강독,3.0,"[3, 4]",,(구)독서와논술
국어국문학과,KOR4504,문학과문화콘텐츠,3.0,"[3, 4]",,
국어국문학과,KOR4506,출판문화기획(캡스톤디자인),3.0,"[3, 4]",,(구)출판의이론과실제 (구)출판인턴십
국어국문학과,KOR4508,한국어전산언어학,3.0,"[2, 3, 4]",,
국어국문학과,KORG002,국어학자료연구,3.0,"[3, 4]",,
국어국문학과,KORG021,현대문학연구방법론,3.0,"[3, 4]",,
국어국문학과,KORQ981,국어교과교육론,3.0,"[3, 4]",,교직이수자만 전공학점으로 인정
국어국문학과,KORQ982,국어교과논리및논술,3.0,"[2, 3, 4]",,교직이수자만 전공학점으로 인정
국어국문학과,KORQ983,국어교과교재연구및지도법,3.0,"[2, 3, 4]",,교직이수자만 전공학점으로 인정
한국사회문화연계전공,KSC1001,대학생활을위한학문적읽기,3.0,"[1, 2, 3, 4]",,
한국사회문화연계전공,KSC1002,대학생활을위한비판적쓰기,3.0,"[1, 2, 3, 4]",,
한국사회문화연계전공,KSC1003,대학생활을위한전략적듣기,3.0,"[1, 2, 3, 4]",,
한국사회문화연계전공,KSC1004,대학생활을위한논리적말하기,3.0,"[1, 2, 3, 4]",,
한국사회문화연계전공,KSC2001,한국문화이해를위한학문적읽기,3.0,"[1, 2, 3, 4]",,
한국사회문화연계전공,KSC2002,한국문화이해를위한비판적쓰기,3.0,"[1, 2, 3, 4]",,
한국사회문화연계전공,KSC2003,한국문화이해를위한전략적듣기,3.0,"[1, 2, 3, 4]",,
한국사회문화연계전공,KSC2004,한국문화이해를위한논리적말하기,3.0,"[1, 2, 3, 4]",,
한국사회문화연계전공,KSC3001,한국사회이해를위한학문적읽기,3.0,"[1, 2, 3, 4]",,
한국사회문화연계전공,KSC3002,한국사회이해를위한비판적쓰기,3.0,"[1, 2, 3, 4]",,
한국사회문화연계전공,KSC3003,한국사회이해를위한전략적듣기,3.0,"[1, 2, 3, 4]",,
한국사회문화연계전공,KSC3004,한국사회이해를위한논리적말하기,3.0,"[1, 2, 3, 4]",,
한국사회문화연계전공,KSC4001,한국대중문화의이해,3.0,"[1, 2, 3, 4]",,
한국사회문화연계전공,KSC4002,영화로이해하는한국,3.0,"[1, 2, 3, 4]",,
한국사회문화연계전공,KSC4003,한류와문화산업,3.0,"[1, 2, 3, 4]",,
한국사회문화연계전공,KSC4004,한국의국제관계,3.0,"[1, 2, 3, 4]",,
한국사회문화연계전공,KSC4005,미디어의변화와한국,3.0,"[1, 2, 3, 4]",,
한국사회문화연계전공,KSC4007,한국사회변동,3.0,"[1, 2, 3, 4]",,
한국사회문화연계전공,KSC4008,한국경제발전론,3.0,"[1, 2, 3, 4]",,
한국사회문화연계전공,KSC4009,한국전통문화의이해,3.0,"[1, 2, 3, 4]",,
한국사회문화연계전공,KSC4010,남북한관계론,3.0,"[1, 2, 3, 4]",,
전인교육원,LAU4003,언어의이해,3.0,"[1, 2, 3, 4]",,
전인교육원,LAU4004,한문의이해,3.0,"[1, 2, 3, 4]",,생활한문과시사한자(LCU4056)의 대체과목
전인교육원,LAU4006,문학과판타지,3.0,"[1, 2, 3, 4]",,
전인교육원,LAU4008,다매체시대의고전읽기,3.0,"[1, 2, 3, 4]",,
전인교육원,LAU4014,한국미술의역사와감상,3.0,"[1, 2, 3, 4]",,
전인교육원,LAU4015,서양미술의역사와감상,3.0,"[1, 2, 3, 4]",,
전인교육원,LAU4021,서양음악의역사와감상,3.0,"[1, 2, 3, 4]",,
전인교육원,LAU4022,대중음악의이해,3.0,"[1, 2, 3, 4]",,구)서양대중음악의이해 구)대중음악의이해
전인교육원,LAU4023,문학예술의심리학,3.0,"[1, 2, 3, 4]",,(구)예술과자아성장
전인교육원,LAU4029,세계음악과문화의이해,3.0,"[1, 2, 3, 4]",,
전인교육원,LAU4032,뮤지컬의이해,3.0,"[1, 2, 3, 4]",,
전인교육원,LAU4036,드로잉-선을통한사고와표현,2.0,"[1, 2, 3, 4]",,S/U평가과목
전인교육원,LAU4037,동양화그리기,2.0,"[1, 2, 3, 4]",,S/U평가과목
전인교육원,LAU4038,동양미술의이해,3.0,"[1, 2, 3, 4]",,
전인교육원,LAU4045,치유서사창작론,3.0,"[1, 2, 3, 4]",,
전인교육원,LAU4047,법과 사회문화,3.0,"[2, 3, 4]",,구)법과문학
전인교육원,LAU4052,아시아의미술과문명,3.0,"[1, 2, 3, 4]",,
전인교육원,LAU4055,"K-Art, Its Cultural Value and Contents",2.0,"[1, 2, 3, 4]",,
전인교육원,LAU4056,"K-Art,from Tradition to Contemporary Art",3.0,"[1, 2, 3, 4]",,
전인교육원,LCS2001,독일언어와문화I,3.0,[1],,
전인교육원,LCS2002,독일언어와문화II,3.0,"[1, 2]",,독일문화기행(LCU4057)의 대체과목으로 독문전공과목은 아님.
전인교육원,LCS2003,프랑스언어와문화I,3.0,[1],,"전분반초급자전용(비초보자:별도시험응시,수강시불이익부과)"
전인교육원,LCS2004,프랑스언어와문화II,3.0,[1],,전분반초급자전용/프랑스문화기행(LCU4048)의 대체과목
전인교육원,LCS2005,중국언어와문화I,3.0,[1],,"원어민,특기자 수강불가(수강 시 불이익부과)"
전인교육원,LCS2006,중국언어와문화II,3.0,[1],,"원어민,특기자 수강불가/중국고대문학산책(LCU4051)의 대체과목/오늘의중국(LCU4049)의 대체과목"
전인교육원,LCS2007,일본언어와문화I,3.0,"[1, 2, 3, 4]",,초급일본어I(LCU4053)의 대체과목
전인교육원,LCS2008,일본언어와문화II,3.0,"[1, 2, 3, 4]",,초급일본어II(LCU4054)의 대체과목
전인교육원,LCU4004,영어쓰기를통한비판적사고,3.0,"[1, 2, 3, 4]",,"구)중급영어작문,모든 계열, 전학년 수강가능"
전인교육원,LCU4005,정보매체를통한영어,3.0,"[2, 3, 4]",,"구)인터넷을통한영어연습,모든 계열, 전학년 수강가능"
전인교육원,LCU4011,고급영어회화,3.0,"[2, 3, 4]",,
전인교육원,LCU4015,영화를통한영어토론,3.0,"[2, 3, 4]",,"구)영화를통한영어연습/영미어문,미국문화1전공자 수강불가"
전인교육원,LCU4018,연극을통한영어연습,3.0,"[2, 3, 4]",,구 드라마를통영어연습
전인교육원,LCU4021,초급라틴어,3.0,"[1, 2, 3, 4]",,
전인교육원,LCU4030,초급스페인어,3.0,"[1, 2, 3, 4]",,
전인교육원,LCU4035,초급러시아어,3.0,"[1, 2, 3, 4]",,
전인교육원,LCU4103,기본영어,3.0,[1],,"구 기본영어III,중핵필수(COR1003)의 수강준비를 위해 필요한 학생 대상"
전인교육원,LCU4104,한국의명시감상,3.0,"[1, 2, 3, 4]",,
전인교육원,LCU4105,초급아랍어,3.0,"[1, 2, 3, 4]",,
전인교육원,LCU4106,현대중동이해,3.0,"[1, 2, 3, 4]",,
전인교육원,LCU4107,튜터링을통한글쓰기능력신장,2.0,"[2, 3, 4]",,성적평가:S/U
전인교육원,LCU4114,중급아랍어,3.0,"[1, 2, 3, 4]",,
전인교육원,LCU4116,한국어읽기,3.0,"[1, 2, 3, 4]",,
전인교육원,LCU4117,한국어말하기,3.0,"[1, 2, 3, 4]",,구) KSC3003
전인교육원,LCU4118,K-pop and Cultural Studies,3.0,"[1, 2, 3, 4]",,국제처 특별수강생 전용 교과목
전인교육원,LCU4119,Korean Language for exchange&visiting s,3.0,"[1, 2, 3, 4]",,국제처 특별수강생 전용 교과목
전인교육원,LCU4120,4차산업혁명시대의 디지털 글쓰기,3.0,"[1, 2, 3, 4]",,성적평가 S/U
전인교육원,LED3015,자기브랜드리더십,3.0,"[1, 2, 3, 4]",,리더십과의사소통(LED3006)의 대체과목
전인교육원,LED3018,예수회글로벌리더십,3.0,"[3, 4]",,구)글로벌리더십체험실습(캡스톤디자인)
전인교육원,LLA1001,Introduction to Korean Culture,3.0,"[1, 2, 3, 4]",,
전인교육원,LLA1002,College Life and Academic Exploration,3.0,"[1, 2, 3, 4]",,
전인교육원,LLA1020,Global History,3.0,"[1, 2, 3, 4]",,
전인교육원,LLA1021,Understanding Euro MENA,3.0,"[1, 2, 3, 4]",,
미디어&엔터테인먼트학과,MAE2001,미디어&엔터테인먼트개론,3.0,[2],"커뮤니케이션대학(가능),스포츠미디어 연계전공(가능),신문방송학과(가능),미디어&엔터테인먼트학과(가능),지식융합미디어학부(가능)",구)COM3401디지털미디어개론
미디어&엔터테인먼트학과,MAE2002,연극과테크놀로지,3.0,[2],"커뮤니케이션대학(가능),신문방송학과(가능),미디어&엔터테인먼트학과(가능),지식융합미디어학부(가능)","구)연극과엔터테인먼트, 구)COM3301"
미디어&엔터테인먼트학과,MAE2003,영상제작(캡스톤디자인),3.0,[3],"커뮤니케이션대학(가능),신문방송학과(가능),미디어&엔터테인먼트학과(가능),지식융합미디어학부(가능)",구) COM3421/영상콘텐츠기획ㆍ제작(COM3420)의 대체과목
미디어&엔터테인먼트학과,MAE3001,매스커뮤니케이션,3.0,"[1, 2]",,구) COM2003
미디어&엔터테인먼트학과,MAE3002,"미디어,인간,사회",3.0,[2],"커뮤니케이션대학(가능),스포츠미디어 연계전공(가능),신문방송학과(가능),미디어&엔터테인먼트학과(가능),지식융합미디어학부(가능)",구) COM3402/소셜미디어와사회이슈(COM3429)의 대체과목
미디어&엔터테인먼트학과,MAE3003,미디어심리학,3.0,"[3, 4]","커뮤니케이션대학(가능),스포츠미디어 연계전공(가능),신문방송학과(가능),미디어&엔터테인먼트학과(가능),지식융합미디어학부(가능)",구 디지털미디어심리학
미디어&엔터테인먼트학과,MAE3004,영화입문,3.0,[2],,
미디어&엔터테인먼트학과,MAE3005,스토리와캐릭터(캡스톤디자인),3.0,"[2, 3, 4]","커뮤니케이션대학(가능),신문방송학과(가능),미디어&엔터테인먼트학과(가능),지식융합미디어학부(가능)",대본창작의기초(COM3315)의 대체과목
미디어&엔터테인먼트학과,MAE3007,드라마의창조적해석(캡스톤디자인),3.0,[2],"커뮤니케이션대학(가능),신문방송학과(가능),미디어&엔터테인먼트학과(가능),지식융합미디어학부(가능)","구) COM3305, 드라마분석론,영화분석의 대체과목)"
미디어&엔터테인먼트학과,MAE3008,미디어엔터테인먼트기획론,3.0,[3],,
미디어&엔터테인먼트학과,MAE3009,미디어엔터테인먼트조직과산업의이해,3.0,"[2, 3, 4]",,디지털미디어인턴십(COM3422)의 대체과목/정보엔터테인먼트산업론(COM3412)의대체과목/창조산업론(COM3406)의 대체과목
미디어&엔터테인먼트학과,MAE3012,세계영화사,3.0,[2],,구) COM3304
미디어&엔터테인먼트학과,MAE3013,Editing Aesthetics,3.0,"[3, 4]","커뮤니케이션대학(가능),신문방송학과(가능),미디어&엔터테인먼트학과(가능),지식융합미디어학부(가능)",
미디어&엔터테인먼트학과,MAE3014,커뮤니케이션학입문,3.0,"[1, 2]","커뮤니케이션대학(가능),스포츠미디어 연계전공(가능),신문방송학과(가능),미디어&엔터테인먼트학과(가능),지식융합미디어학부(가능)",구) COM2001 / 커뮤 전공필수
미디어&엔터테인먼트학과,MAE3016,인간-미디어상호작용의이해,3.0,"[3, 4]","커뮤니케이션대학(가능),신문방송학과(가능),미디어&엔터테인먼트학과(가능),지식융합미디어학부(가능)",
미디어&엔터테인먼트학과,MAE3017,데이터사이언스입문,3.0,"[2, 3, 4]","커뮤니케이션대학,신문방송학과,미디어&엔터테인먼트학과,지식융합미디어학부(가능)",
미디어&엔터테인먼트학과,MAE3018,전공진로설계Ⅰ,,"[2, 3, 4]",,
미디어&엔터테인먼트학과,MAE3019,스크린 연기,3.0,"[2, 3, 4]","커뮤니케이션대학(가능),신문방송학과(가능),미디어&엔터테인먼트학과(가능),지식융합미디어학부(가능)",
미디어&엔터테인먼트학과,MAE4004,설득과미디어,3.0,[2],,
미디어&엔터테인먼트학과,MAE4005,Non-Fiction Filmmaking Workshop,3.0,"[3, 4]",,
미디어&엔터테인먼트학과,MAE4007,Advanced Film Directing : Visualization Workshop,3.0,"[3, 4]","커뮤니케이션대학,신문방송학과,미디어&엔터테인먼트학과,지식융합미디어학부(가능)",
미디어&엔터테인먼트학과,MAE4009,각색워크샵,3.0,[3],,
미디어&엔터테인먼트학과,MAE4010,극작워크샵,3.0,"[3, 4]","커뮤니케이션대학(가능),신문방송학과(가능),미디어&엔터테인먼트학과(가능),지식융합미디어학부(가능)",
미디어&엔터테인먼트학과,MAE4012,초지능사회론,3.0,"[1, 2, 3, 4]","커뮤니케이션대학(가능),스포츠미디어 연계전공(가능),신문방송학과(가능),미디어&엔터테인먼트학과(가능),지식융합미디어학부(가능)",디지털미디어복잡계(COM3408)의 대체과목
미디어&엔터테인먼트학과,MAE4018,단편영화제작워크숍(캡스톤디자인),3.0,"[2, 3, 4]",,단편영화제작(COM3314)의 대체과목
미디어&엔터테인먼트학과,MAE4020,세계연극사,3.0,[3],"커뮤니케이션대학(가능),신문방송학과(가능),미디어&엔터테인먼트학과(가능),지식융합미디어학부(가능)",구)COM3303
미디어&엔터테인먼트학과,MAE4025,공연의기획과경영,3.0,"[3, 4]","커뮤니케이션대학(가능),신문방송학과(가능),미디어&엔터테인먼트학과(가능),지식융합미디어학부(가능)",구)COM3319
미디어&엔터테인먼트학과,MAE4031,디지털방송론,3.0,"[3, 4]","커뮤니케이션대학(가능),신문방송학과(가능),미디어&엔터테인먼트학과(가능),지식융합미디어학부(가능)",구)COM3403
미디어&엔터테인먼트학과,MAE4032,디지털미디어정책론,3.0,"[3, 4]",,구)COM3411
미디어&엔터테인먼트학과,MAE4035,모바일커뮤니케이션,3.0,"[2, 3, 4]",,구)COM3428/텔레커뮤니케이션론(COM3404)의 대체과목
미디어&엔터테인먼트학과,MAE4037,가상현실콘텐츠기획제작,3.0,"[2, 3, 4]","커뮤니케이션대학(가능),신문방송학과(가능),미디어&엔터테인먼트학과(가능),지식융합미디어학부(가능)",구)COM3435
미디어&엔터테인먼트학과,MAE4039,나노디그리심화워크숍(미디어기업전략경영),,"[1, 2, 3, 4]",,
미디어&엔터테인먼트학과,MAE4040,실험연극의 발전(캡스톤디자인),3.0,"[3, 4]",,구)실험연극의 발전
미디어&엔터테인먼트학과,MAE4590,공연영상현장실습(계절),3.0,"[3, 4]",,S/U과목
미디어&엔터테인먼트학과,MAEG401,디지털콘텐츠캡스톤디자인프로젝트(캡스톤디자인),3.0,"[3, 4]",,
미디어&엔터테인먼트학과,MAEG404,디지털미디어데이터분석론(캡스톤디자인),3.0,"[3, 4]",,구)MAE4015
지식융합미디어대학,MAS1001,지식융합미디어입문,1.0,[1],지식융합미디어대학(가능),
지식융합미디어대학,MAS1002,Creativity & Visual Expression,3.0,[1],지식융합미디어대학(가능),
지식융합미디어대학,MAS1003,The art of storytelling,3.0,"[1, 2, 3, 4]",지식융합미디어대학(가능),AAT3012의 대체과목
지식융합미디어대학,MAS1004,Data&AI,3.0,"[2, 3, 4]","지식융합미디어대학(가능),빅데이터사이언스연계전공(가능)","지융미 두번째학기부터 수강가능,선수과목:COR1009또는COR1010"
지식융합미디어대학,MAS1005,Critical Thinking for Social Inquiry,3.0,[1],지식융합미디어대학(가능),
지식융합미디어대학,MAS2001,융합미디어통론,3.0,"[1, 2, 3, 4]",,
지식융합미디어대학,MAS2002,전략커뮤니케이션,3.0,"[1, 2, 3, 4]",,
지식융합미디어대학,MAS2003,한류,3.0,"[1, 2, 3, 4]",,
지식융합미디어대학,MAS2004,인간소통과미디어,3.0,"[1, 2]",,(구)COM2002
지식융합미디어대학,MAS2005,영상제작입문,3.0,"[1, 2, 3, 4]",,구)시각과음향의향연
지식융합미디어대학,MAS2006,공연예술의이해,3.0,"[2, 3, 4]",,구)공연과디지털테크놀로지
지식융합미디어대학,MAS2007,Media Technologies and Arts,3.0,"[1, 2, 3]",,"AAT2001(구,ANT2006)의 대체과목, 2015-2018학번의 경우 전공필수(AAT2001(구,ANT2006))대체 과목"
지식융합미디어대학,MAS2008,Fundamentals of Programming and Problem Solving,3.0,"[2, 3, 4]",,
지식융합미디어대학,MAS2010,Fundamentals of Computer Science for Korean Studies,3.0,"[1, 2, 3, 4]",,구) KOS2206
지식융합미디어대학,MAS2011,Introduction to Visual Media Programming,3.0,"[2, 3, 4]",,
지식융합미디어대학,MAS3001,미디어커뮤니케이션조사론,3.0,"[2, 3, 4]","지식융합대학(가능),스타트업연계전공(가능),지식융합미디어대학(가능)","구)COM2004/커뮤.지융미(신방,미엔) 전공필수/광고PR조사방법론(COM3208)의대체과목"
수학과,MAT1050,미적분학실습I,1.0,[1],,
수학과,MAT1060,미적분학실습II,1.0,[1],,
수학과,MAT2010,집합론,3.0,[2],,
수학과,MAT2110,선형대수학,3.0,[2],,
수학과,MAT2120,정수론,3.0,[2],,
수학과,MAT2210,고등미적분학I,3.0,[2],,
수학과,MAT2220,고등미적분학II,3.0,[2],,
수학과,MAT2230,미분방정식,3.0,[2],,
수학과,MAT2410,응용수학I,3.0,[2],"컴퓨터공학과(가능),인공지능학과(가능),컴퓨터공학과(가능),인공지능학과(가능)",통계학입문(MAT3020)과 동등한 과목
수학과,MAT2420,응용수학II,3.0,[2],,"컴퓨터공학,인공지능학과만 가능"
수학과,MAT2510,푸리에해석및응용,3.0,"[2, 3, 4]",,
수학과,MAT3020,통계학입문,3.0,[2],"컴퓨터공학과(불가능),인공지능학과(불가능),컴퓨터공학과(불가능),인공지능학과(불가능)",응용수학I(MAT2410)과 동등한 과목임
수학과,MAT3110,이산수학,3.0,"[3, 4]",,
수학과,MAT3310,다양체기하학,3.0,"[3, 4]",,
수학과,MAT3410,확률론입문,3.0,"[3, 4]",,
수학과,MAT3420,금융수학,3.0,"[3, 4]",,
수학과,MAT3430,응용통계학및실습,3.0,"[3, 4]",,
수학과,MAT3440,통신수학,3.0,"[3, 4]",,
수학과,MAT3450,계산수학및실습,3.0,"[3, 4]",,
수학과,MAT3451,전공진로설계Ⅰ,,"[2, 3, 4]",,
수학과,MAT3460,수학현장실습,3.0,"[3, 4]",,"과목평가: S/U, 현장실습, (구)수학인턴쉽"
수학과,MAT4110,추상대수학I,3.0,[3],,
수학과,MAT4120,추상대수학II,3.0,[3],,
수학과,MAT4210,복소수함수론I,3.0,[3],,
수학과,MAT4220,복소수함수론II,3.0,[3],,
수학과,MAT4310,미분기하학,3.0,[3],,
수학과,MAT4320,위상수학개론I,3.0,[3],,
수학과,MAT4330,위상수학개론II,3.0,[4],,구MATG320/구 위상수학특론의대체과목
수학과,MAT4331,산업수학(캡스톤디자인),3.0,"[3, 4]",,
수학과,MAT4340,편미분방정식,3.0,"[3, 4]",,"선수과목:MAT2210, MAT2230"
수학과,MAT4510,학부개별연구,3.0,"[3, 4]",,"특수연구, 전공학점으로 인정되지 않음"
수학과,MATG110,고급선형대수학,3.0,[4],,"대학원초급과목,구MAT5110/구 선형대수학II의대체과목"
수학과,MATG210,실변수함수론,3.0,[4],,"(구)실해석학I, 학석사연계과"
수학과,MATQ981,수학교과교육론,3.0,"[3, 4]",,교직이수자만 전공학점으로 인정
수학과,MATQ982,수학교과논리및논술,3.0,"[2, 3, 4]",,교직이수자만 전공학점으로 인정
수학과,MATQ983,수학교과교재연구및지도법,3.0,"[2, 3, 4]",,교직이수자만 전공학점으로 인정
기계공학과,MEE1005,C프로그래밍기초,3.0,[2],기계공학과(가능),기계공학 전공자(복수전공자 포함)만 수강 가능
기계공학과,MEE2006,공학수학I,3.0,[2],기계공학과(가능),기계공학 전공자(복수전공자 포함)만 수강 가능
기계공학과,MEE2007,공학수학II,3.0,[2],,"기계공학 전공자(복수전공자)만 수강 가능, 선수과목 : MEE2006 공학수학I"
기계공학과,MEE2008,공학설계개론,3.0,[1],,
기계공학과,MEE2011,고체역학,3.0,[2],,
기계공학과,MEE2012,유체역학I,3.0,[2],,
기계공학과,MEE2013,동역학,3.0,[2],,
기계공학과,MEE2014,디자인과재료,3.0,[2],,
기계공학과,MEE2022,열역학I,3.0,[2],,
기계공학과,MEE2025,기계제작실습,3.0,[2],,구)모형설계제작
기계공학과,MEE2026,CAD,3.0,[2],,구)2D CAD
기계공학과,MEE3001,재료거동학,3.0,[3],,"(구)제품설계분석I:신뢰, 선수과목 : MEE2011 고체역학"
기계공학과,MEE3002,열역학II,3.0,"[2, 3]",,선수과목 : MEE2022 열역학I
기계공학과,MEE3003,진동학,3.0,[3],,선수과목 : MEE2013 동역학
기계공학과,MEE3004,생산공정,3.0,[3],,선수과목 : MEE2011 고체역학
기계공학과,MEE3005,공학수치해석,3.0,[3],,
기계공학과,MEE3006,기계공학해석,3.0,[3],,
기계공학과,MEE3011,부품설계,3.0,[3],,선수과목 : MEE2011 고체역학
기계공학과,MEE3012,자동차동력공학,3.0,[3],,"(구)내연기관, 선수과목 : MEE2022 열역학I"
기계공학과,MEE3013,자동제어,3.0,[3],,선수과목 : MEE2013 동역학
기계공학과,MEE3015,설계방법론(캡스톤디자인),3.0,[3],,선수과목 : MEE2008 공학설계개론
기계공학과,MEE3025,기계공학실험I,3.0,[3],,
기계공학과,MEE3032,열전달,3.0,[3],,"선수과목 : MEE2012 유체역학I, MEE2022 열역학I"
기계공학과,MEE3301,연구프로젝트Ⅰ,3.0,"[3, 4]",,
기계공학과,MEE3302,연구프로젝트Ⅱ,3.0,"[3, 4]",,
기계공학과,MEE4001,유한요소해석,3.0,"[3, 4]",,"(구)제품설계분석II:FEA, 선수과목 : MEE2011 고체역학"
기계공학과,MEE4002,냉동및공기조화,3.0,"[3, 4]",,선수과목 : MEE2022 열역학I
기계공학과,MEE4003,디지털제어시스템,3.0,[3],,선수과목 : MEE3013 자동제어
기계공학과,MEE4004,3D-CAD,3.0,"[3, 4]",,장소:기계제도실
기계공학과,MEE4014,MEMS설계제작,3.0,"[3, 4]",,
기계공학과,MEE4015,바이오역학,3.0,"[3, 4]",,선수과목 : MEE2011 고체역학
기계공학과,MEE4016,바이오모방공학개론,3.0,"[3, 4]",,BNT3009(바이오모방공학개론)와 합반
기계공학과,MEE4021,창의적종합설계(캡스톤디자인),3.0,[4],,선수과목 : MEE3015 설계방법론(캡스톤디자인)
기계공학과,MEE4022,신재생에너지공학개론,3.0,[4],,"(구)에너지시스템설계, 선수과목 : MEE2022 열역학I"
기계공학과,MEE4023,로봇설계및제어,3.0,"[3, 4]",,선수과목 : MEE3013 자동제어
기계공학과,MEE4024,복합재료입문,3.0,[4],,구)계측및신호처리
기계공학과,MEE4032,미소열유체역학,3.0,"[3, 4]",,"(구)마이크로열유체공학, 선수과목 : MEE2012 유체역학I"
기계공학과,MEE4033,메카트로닉스,3.0,"[3, 4]",,
기계공학과,MEE4042,열유체시스템설계,3.0,"[3, 4]",,
기계공학과,MEE4047,기계공학세미나,1.0,[4],,
기계공학과,MEE4070,기계공학현장실습,3.0,"[3, 4]",,"과목평가:S/U, (구)기계공학인턴쉽I"
기계공학과,MEEG005,연속체역학,3.0,[4],,대학원초급과목
기계공학과,MEEG006,유한요소해석과 응용,3.0,[4],,구)유한요소법개론
기계공학과,MEEG007,전산유체역학,3.0,"[3, 4]",,선수과목 : MEE2012 유체역학I/(구)MEEG012
기계공학과,MEEG008,고급제어I,3.0,"[3, 4]",,(구)MEEG013
기계공학과,MEEG009,음향학의 기초,3.0,[4],,"구)동역학특론,구)MEEG014 소성이론의응용"
기계공학과,MEEG017,미소열유체공학,3.0,"[3, 4]",,
기계공학과,MEEG018,시스템모델링및해석,3.0,"[3, 4]",,
기계공학과,MEEG019,공정설계의CAE,3.0,"[3, 4]",,
기계공학과,MEEG032,전산열전달,3.0,"[3, 4]",,
기계공학과,MEEG041,바이오역학,3.0,"[3, 4]",,
기계공학과,MEEG042,통계열역학및미소열전달,3.0,"[3, 4]",,
기계공학과,MEEG052,고급열전달,3.0,"[3, 4]",,
기계공학과,MEEG062,열유체시스템설계,3.0,[4],,구)MEE4042
기계공학과,MEEG104,반도체공학,3.0,"[3, 4]",,구)센서공학
기계공학과,MEEG111,실험계획법과통계분석,3.0,"[3, 4]",,
기계공학과,MEEG112,연료전지개론,3.0,"[3, 4]",,대학원초급과목
기계공학과,MEEG114,메카노바이오공학,3.0,"[3, 4]",,
경영학부(경영학전공),MGT2002,경영통계학,3.0,[1],"경영대학(가능),공공인재 연계전공(가능),융합소프트웨어연계전공(가능),빅데이터사이언스연계전공(가능)","수학,컴공전공자,통계학입문수강자 불가(통계학입문,경제통계학으로대체가능)"
경영학부(경영학전공),MGT2003,회계학원론,3.0,"[1, 2]",,
경영학부(경영학전공),MGT3001,조직행동이론,3.0,"[2, 3, 4]","경영대학(가능),공공인재 연계전공(가능),스타트업연계전공(가능)",
경영학부(경영학전공),MGT3002,경영정보시스템,3.0,"[2, 3, 4]","경영대학(가능),스타트업연계전공(가능)",
경영학부(경영학전공),MGT3003,운영관리,3.0,"[2, 3, 4]","경영대학(가능),스타트업연계전공(가능)",구)생산관리론
경영학부(경영학전공),MGT3004,재무관리,3.0,"[2, 3, 4]","경영대학(가능),공공인재 연계전공(가능),스타트업연계전공(가능)",
경영학부(경영학전공),MGT3005,관리회계,3.0,"[2, 3]","경영대학(가능),공공인재 연계전공(가능),스타트업연계전공(가능)",
경영학부(경영학전공),MGT3006,마케팅원론,3.0,"[2, 3, 4]","경영대학(가능),스타트업연계전공(가능)",
경영학부(경영학전공),MGT3007,국제경영론,3.0,"[2, 3, 4]",경영대학(가능),
경영학부(경영학전공),MGT3008,전공진로설계Ⅰ,,"[2, 3, 4]",,
경영학부(경영학전공),MGT4101,경영전략시뮬레이션,3.0,"[2, 3, 4]",경영대학(가능),
경영학부(경영학전공),MGT4102,경영전략,3.0,"[2, 3, 4]","경영대학(가능),스타트업연계전공(가능)",
경영학부(경영학전공),MGT4103,조직구조와전략,3.0,"[2, 3, 4]",경영대학(가능),
경영학부(경영학전공),MGT4104,리더쉽이론,3.0,"[2, 3, 4]",경영대학(가능),
경영학부(경영학전공),MGT4105,기업윤리,3.0,"[2, 3, 4]",경영대학(가능),
경영학부(경영학전공),MGT4106,인적자원관리,3.0,"[2, 3, 4]","경영대학(가능),공공인재 연계전공(가능),스타트업연계전공(가능)",
경영학부(경영학전공),MGT4107,노사관계론,3.0,"[2, 3, 4]",,
경영학부(경영학전공),MGT4201,의사결정론,3.0,"[2, 3, 4]",경영대학(가능),
경영학부(경영학전공),MGT4202,통계자료분석,3.0,"[2, 3, 4]","경영대학(가능),빅데이터사이언스연계전공(가능)",(구 목표관리론의 대체과목)
경영학부(경영학전공),MGT4203,경영과학,3.0,"[2, 3, 4]",경영대학(가능),
경영학부(경영학전공),MGT4204,시뮬레이션,3.0,"[2, 3, 4]",경영대학(가능),
경영학부(경영학전공),MGT4206,경영환경에서의시계열자료분석과예측(캡스톤디자인),3.0,"[2, 3, 4]","경영대학(가능),빅데이터사이언스연계전공(가능),인공지능연계전공(가능)",
경영학부(경영학전공),MGT4207,BA 인공지능,3.0,"[2, 3, 4]",,(구)응용경영통계
경영학부(경영학전공),MGT4208,웹데이터수집과 텍스트분석(캡스톤디자인),3.0,"[3, 4]",,(구)웹데이터분석과응용(캡스톤디자인)
경영학부(경영학전공),MGT4221,경영과정보기술,3.0,"[2, 3, 4]",경영대학(가능),
경영학부(경영학전공),MGT4222,모바일통신경영,3.0,"[2, 3, 4]",,
경영학부(경영학전공),MGT4224,디지털 플랫폼 비즈니스,3.0,"[2, 3, 4]",,구)전자상거래론
경영학부(경영학전공),MGT4226,빅데이터와 비즈니스 모델,3.0,"[2, 3, 4]","경영대학(가능),빅데이터사이언스연계전공(가능),인공지능연계전공(가능)","(구)고객행위분석과서비스모델링, (구)빅데이터와비즈니스인텔리젼스"
경영학부(경영학전공),MGT4227,디지털변혁과비즈니스모델혁신,3.0,"[2, 3, 4]",경영대학(가능),(구)지식경영과서비스혁신
경영학부(경영학전공),MGT4231,인공지능과경영모델,3.0,"[1, 2, 3, 4]",경영대학(가능),
경영학부(경영학전공),MGT4241,기술경영과기술사업화,3.0,"[2, 3, 4]",경영대학(가능),(구)기술경영
경영학부(경영학전공),MGT4243,경영품질의이해,3.0,"[2, 3, 4]",경영대학(가능),
경영학부(경영학전공),MGT4245,정보화시대의기업경영과혁신,3.0,"[2, 3, 4]",,
경영학부(경영학전공),MGT4247,공급체인관리와e-business,3.0,"[2, 3, 4]","경영대학(가능),스타트업연계전공(가능)",
경영학부(경영학전공),MGT4248,비즈니스프로세스관리,3.0,"[2, 3, 4]",경영대학(가능),
경영학부(경영학전공),MGT4251,프로세스 수익경영,3.0,"[3, 4]",,
경영학부(경영학전공),MGT4301,투자론,3.0,"[2, 3, 4]","경영대학(가능),공공인재 연계전공(가능)",구 투자론I
경영학부(경영학전공),MGT4303,파생상품론,3.0,"[2, 3, 4]",경영대학(가능),"구)선물옵션투자론, 구 투자론II"
경영학부(경영학전공),MGT4304,포트폴리오관리,3.0,"[2, 3, 4]",,(구 자본예산편성론의 대체과목)
경영학부(경영학전공),MGT4306,금융리스크관리,3.0,"[2, 3, 4]",,(구 계량재무분석의 대체과목)
경영학부(경영학전공),MGT4307,금융기관론,3.0,"[2, 3, 4]",경영대학(가능),
경영학부(경영학전공),MGT4308,벤처캐피탈과투자분석(캡스톤디자인),3.0,"[2, 3, 4]",경영대학(가능),구)재무사례분석(캡스톤디자인)
경영학부(경영학전공),MGT4313,벤처와금융시장(캡스톤디자인),3.0,"[2, 3, 4]",경영대학(가능),
경영학부(경영학전공),MGT4316,금융위기와 금융산업 혁신,3.0,"[1, 2, 3, 4]",경영대학(가능),
경영학부(경영학전공),MGT4331,보험학원론,3.0,"[2, 3, 4]",,
경영학부(경영학전공),MGT4401,중급회계1,3.0,"[2, 3, 4]","경영대학(가능),공공인재 연계전공(가능)",
경영학부(경영학전공),MGT4402,중급회계2,3.0,"[2, 3, 4]","경영대학(가능),공공인재 연계전공(가능)",
경영학부(경영학전공),MGT4403,고급회계,3.0,"[2, 3, 4]",경영대학(가능),
경영학부(경영학전공),MGT4404,원가회계,3.0,"[2, 3, 4]","경영대학(가능),공공인재 연계전공(가능)",
경영학부(경영학전공),MGT4406,세무회계,3.0,"[2, 3, 4]",,
경영학부(경영학전공),MGT4407,회계감사,3.0,"[2, 3, 4]",경영대학(가능),
경영학부(경영학전공),MGT4501,마케팅전략,3.0,"[2, 3, 4]",경영대학(가능),
경영학부(경영학전공),MGT4502,소비자행동론,3.0,"[2, 3, 4]",,
경영학부(경영학전공),MGT4503,시장조사론,3.0,"[2, 3, 4]","경영대학(가능),스타트업연계전공(가능)",
경영학부(경영학전공),MGT4507,유통전략론,3.0,"[2, 3, 4]",,
경영학부(경영학전공),MGT4508,서비스마케팅,3.0,"[2, 3, 4]",경영대학(가능),
경영학부(경영학전공),MGT4510,국제마케팅론,3.0,"[2, 3, 4]",,
경영학부(경영학전공),MGT4513,마케팅최신주제및사례연구,3.0,"[3, 4]",경영대학(가능),
경영학부(경영학전공),MGT4515,빅데이터기반마케팅과스타트업,3.0,"[2, 3, 4]","경영대학(가능),빅데이터사이언스연계전공(가능),인공지능연계전공(가능)",(구)빅데이터마케팅
경영학부(경영학전공),MGT4516,인공지능과마케팅,3.0,"[2, 3, 4]","경영대학(가능),인공지능연계전공(가능)",
경영학부(경영학전공),MGT4517,메타버스가상시장과마케팅사이언스,3.0,"[2, 3, 4]","경영대학,융합소프트웨어연계전공,빅데이터사이언스연계전공,인공지능연계전공(가능)",
경영학부(경영학전공),MGT4601,기업과국제환경,3.0,"[2, 3, 4]",경영대학(가능),
경영학부(경영학전공),MGT4602,다국적기업론,3.0,"[2, 3, 4]",,
경영학부(경영학전공),MGT4604,국제경영전략,3.0,"[2, 3, 4]",경영대학(가능),구 국제경영정책
경영학부(경영학전공),MGT4605,무역경영관리,3.0,"[2, 3, 4]",경영대학(가능),(구) 무역실무
경영학부(경영학전공),MGT4613,중국시장및경영환경의이해,3.0,"[3, 4]",,
경영학부(경영학전공),MGT4615,창업의이해(캡스톤디자인),3.0,"[3, 4]",,(구)창업의이해
경영학부(경영학전공),MGT4616,글로벌 혁신 전략,3.0,"[2, 3, 4]",경영대학(가능),
경영학부(경영학전공),MGT4701,경영영어라이팅,3.0,"[3, 4]",,구 영어비즈니스커뮤니케이션(무역영어)
경영학부(경영학전공),MGT4705,경영학현장실습,3.0,"[3, 4]",,"수강승인과목, 성적평가:S/U, (구)경영인턴"
경영학부(경영학전공),MGT4710,글로벌리더쉽실습,3.0,"[1, 2, 3, 4]",,"수강승인과목, 과목평가:S/U"
경영학부(경영학전공),MGT4712,"지식,인성그리고경영",3.0,"[2, 3, 4]",,
경영학부(경영학전공),MGT4717,"지식,인성그리고경영(심화)",3.0,"[2, 3, 4]",경영대학(가능),
경영학부(경영학전공),MGT4718,이해관계자자본주의와ESG,3.0,"[3, 4]",경영대학(가능),
경영학부(경영학전공),MGT4719,서비스 공급망관리와 ESG,3.0,"[2, 3, 4]",경영대학(가능),
경영학부(경영학전공),MGT4720,IT시대의 사회인준비특강,1.0,"[1, 2, 3, 4]",,
경영학부(경영학전공),MGT4724,해외진출 한국기업의 현지화전략(탐구공동체),1.5,"[1, 2, 3, 4]",경영대학(가능),
경영학부(경영학전공),MGTG109,기업지배구조와기업전략,3.0,"[3, 4]",,구)MGT4109
경영학부(경영학전공),MGTG310,가치평가이론과실무,3.0,"[2, 3, 4]",,"구)투자은행업무및국제자본시장의 대체과목, 구)MGT4310"
경영학부(경영학전공),MGTG315,메타버스가상시장과마케팅(캡스톤디자인),3.0,"[1, 2, 3, 4]",,(구)MGT4517 메타버스가상시장과마케팅사이언스
경영학부(경영학전공),MGTG505,브랜드전략론,3.0,"[2, 3, 4]",,구)MGT4505
경영학부(경영학전공),MGTG610,경영 데이터사이언스,3.0,"[2, 3, 4]",,
경영학부(경영학전공),MGTG613,인공지능 자료분석,3.0,"[3, 4]",,
경영학부(경영학전공),MGTG706,회계/재무정보분석의이해와응용,3.0,"[3, 4]",,
경영학부(경영학전공),MGTG707,ESG 세미나,3.0,"[3, 4]",경영대학(가능),
정치학/경제학/철학 연계전공,PEP3000,"현대문명의정치,경제,철학적이해",3.0,"[1, 2, 3, 4]",,(구)PEP2000
철학과,PHI2001,철학개론,3.0,"[2, 3, 4]",,
철학과,PHI2002,동양철학개론,3.0,"[2, 3, 4]",,
철학과,PHI2003,서양철학사,3.0,"[2, 3, 4]",,
철학과,PHI2004,한국철학사,3.0,"[2, 3, 4]",,
철학과,PHI2005,논리학개론,3.0,"[2, 3, 4]",,
철학과,PHI2006,형이상학,3.0,"[2, 3, 4]",,
철학과,PHI2007,인식론,3.0,"[2, 3, 4]",,
철학과,PHI2008,윤리학,3.0,"[2, 3, 4]",,
철학과,PHI3003,서양근대철학사,3.0,"[2, 3, 4]",,
철학과,PHI3004,서양현대철학사,3.0,"[2, 3, 4]",,
철학과,PHI3005,플라톤철학,3.0,"[2, 3, 4]",,
철학과,PHI3006,아리스토텔레스철학,3.0,"[2, 3, 4]",,
철학과,PHI3007,아우구스티누스철학,3.0,"[2, 3, 4]",,
철학과,PHI3008,토마스철학,3.0,"[2, 3, 4]",,
철학과,PHI3011,독일관념론,3.0,"[2, 3, 4]",,
철학과,PHI3014,미학개론,3.0,"[2, 3, 4]",,(구 철학탐구방법론 대체과목)
철학과,PHI3018,생철학,3.0,"[2, 3, 4]",,
철학과,PHI3023,분석철학,3.0,"[2, 3, 4]",,
철학과,PHI3024,예술철학,3.0,"[2, 3, 4]",,
철학과,PHI3026,심리철학,3.0,"[2, 3, 4]",,
철학과,PHI3028,기호논리학,3.0,"[2, 3, 4]",,
철학과,PHI3030,언어철학,3.0,"[2, 3, 4]",,
철학과,PHI3033,"선진,한철학사",3.0,"[2, 3, 4]",,
철학과,PHI3034,"위진,당철학사",3.0,"[2, 3, 4]",,
철학과,PHI3035,근현대중국철학사1,3.0,"[2, 3, 4]",,"(구)송,명,청철학사"
철학과,PHI3036,근현대중국철학사2,3.0,"[2, 3, 4]",,(구)중국근현대철학사
철학과,PHI3037,도가철학,3.0,"[2, 3, 4]",,
철학과,PHI3038,유가철학,3.0,"[2, 3, 4]",,
철학과,PHI3039,불가철학,3.0,"[2, 3, 4]",,
철학과,PHI3044,양명학,3.0,"[2, 3, 4]",,구16-062 몸의철학 대체과목
철학과,PHI3045,동양철학과 제4차 산업혁명,3.0,"[1, 2, 3, 4]",,
철학과,PHI3046,칸트철학,3.0,"[2, 3, 4]",,
철학과,PHI3047,전공진로설계Ⅰ,,"[2, 3, 4]",,
철학과,PHI4002,교부철학,3.0,"[2, 3, 4]",,
철학과,PHI4007,형이상학특강,3.0,"[2, 3, 4]",,
철학과,PHI4011,그리스철학특강,3.0,"[2, 3, 4]",,
철학과,PHI4018,중국철학특강,3.0,"[2, 3, 4]",,
철학과,PHI4023,생명윤리,3.0,"[2, 3, 4]",,
철학과,PHI4024,인공지능과윤리,3.0,"[2, 3, 4]",,구)과학기술의철학
철학과,PHI4035,예술철학특강,3.0,"[2, 3, 4]",,
철학과,PHI4044,양상논리학,3.0,"[2, 3, 4]",,
철학과,PHI4061,인공지능과 윤리실습(캡스톤디자인),3.0,"[2, 3, 4]",,
철학과,PHI4099,개별연구논문,3.0,"[3, 4]",,
철학과,PHIG081,서양철학연습,3.0,"[1, 2, 3, 4]",,대학원초급과목
철학과,PHIG082,동양철학읽기,3.0,"[3, 4]",,대학원초급과목
철학과,PHIG083,서양철학읽기,3.0,"[1, 2, 3, 4]",,
철학과,PHIG084,서양철학의근본원리들,3.0,"[3, 4]",,"대학원초급과목,PHI4037의 대체과목"
철학과,PHIG085,서양철학의핵심문제들,3.0,"[3, 4]",,"대학원초급과목,PHI4038의 대체과목"
철학과,PHIG086,중세철학사특강,3.0,"[3, 4]",,
철학과,PHIQ981,철학교과논리및논술,3.0,"[2, 3, 4]",,교직이수자만 전공학점으로 인정
철학과,PHIQ982,철학교과교육론,3.0,"[3, 4]",,교직이수자만 전공학점으로 인정
철학과,PHIQ983,철학교과교재연구및지도법,3.0,"[2, 3, 4]",,교직이수자만 전공학점으로 인정
물리학과,PHY1001,일반물리I,3.0,[1],물리학과(1전공 불가능),
물리학과,PHY1002,일반물리II,3.0,[1],,
물리학과,PHY1101,일반물리실험I,1.0,[1],,
물리학과,PHY1102,일반물리실험II,1.0,[1],,
물리학과,PHY2001,역학I,3.0,[2],,
물리학과,PHY2002,역학II,3.0,"[2, 3, 4]",,
물리학과,PHY2003,전자기학I,3.0,[2],,"(=전자공학과 전자장론I, 둘 중 한과목만 학점인정)"
물리학과,PHY2004,전자기학II,3.0,[2],,
물리학과,PHY2005,수리물리학I,3.0,[2],,
물리학과,PHY2006,수리물리학II,3.0,[2],,
물리학과,PHY2007,전자물리학I,3.0,[2],,
물리학과,PHY2009,현대물리학,3.0,[2],,
물리학과,PHY2101,실험물리학I,2.0,[2],,
물리학과,PHY2102,실험물리학II,2.0,[2],,
물리학과,PHY3001,양자물리학I,3.0,[3],,
물리학과,PHY3002,양자물리학II,3.0,[3],,
물리학과,PHY3003,열역학,3.0,[3],,
물리학과,PHY3004,통계물리학,3.0,[3],,
물리학과,PHY3101,실험물리학III,2.0,[3],,
물리학과,PHY3102,실험물리학Ⅳ,2.0,[3],,
물리학과,PHY3501,물리캡스톤디자인I(캡스톤디자인),3.0,"[2, 3, 4]",,
물리학과,PHY3502,물리캡스톤디자인II(캡스톤디자인),3.0,"[2, 3, 4]",,
물리학과,PHY3510,물리현장실습,3.0,"[3, 4]",,"과목평가:S/U, (구)물리인턴쉽"
물리학과,PHY3515,전공진로설계Ⅰ,,"[2, 3, 4]",,
물리학과,PHY4001,고체물리학I,3.0,"[3, 4]",,
물리학과,PHY4002,고체물리학II,3.0,"[3, 4]",,
물리학과,PHY4003,현대광학I,3.0,"[3, 4]",,
물리학과,PHY4005,기초입자이론I,3.0,[4],,
물리학과,PHY4009,반도체물리학,3.0,[4],,
물리학과,PHY4010,일반상대성이론,3.0,"[3, 4]",,(구) 천체물리학I
물리학과,PHY4012,나노물리,3.0,"[3, 4]",,
물리학과,PHY4201,특수연구,3.0,[4],,전공학점 인정되지 않음.(총학점 포함됨)/교수님과 함께하는 프로젝트과목
물리학과,PHY4203,물리특허와기술이전,1.0,[4],,전공학점으로 인정되지 않음.(총학점에는 포함됨)
물리학과,PHY4204,졸업프로젝트,3.0,[4],,전공학점 인정되지 않음.(총학점 포함됨)/교수님과 함께하는 프로젝트과목
물리학과,PHYG001,고전물리I,3.0,[4],,"대학원초급과목,구PHY5001"
물리학과,PHYG003,통계역학,3.0,[4],,대학원초급과목
물리학과,PHYG004,기계학습응용,3.0,"[3, 4]",,
정치외교학과,POL2002,정치학개론,3.0,[1],,
정치외교학과,POL2003,사회과학자를 위한 데이터 사이언스,3.0,"[1, 2, 3, 4]",,(구)정치학조사방법론
정치외교학과,POL2004,사회과학 데이터 분석의 기초,3.0,"[1, 2, 3, 4]",,구)연구방법론
정치외교학과,POL2005,법과 정치,3.0,"[1, 2, 3, 4]",,"구)정치,행정과 법"
정치외교학과,POL2010,정치외교의 현재와 미래(캡스톤디자인),3.0,"[1, 2, 3, 4]",,
정치외교학과,POL3050,전공진로설계Ⅰ,,"[2, 3, 4]",,
정치외교학과,POL3060,한국정치론,3.0,"[1, 2, 3, 4]",,
정치외교학과,POL3061,한국정치사,3.0,"[1, 2, 3, 4]",,
정치외교학과,POL3068,한국의선거,3.0,"[1, 2, 3, 4]",,
정치외교학과,POL3080,현대북한의정치,3.0,"[1, 2, 3, 4]",,
정치외교학과,POL3097,정치분석,3.0,"[1, 2, 3, 4]",,
정치외교학과,POL3098,의회정치론,3.0,"[2, 3, 4]",,
정치외교학과,POL3100,정치사상의이해,3.0,"[1, 2, 3, 4]",,
정치외교학과,POL3108,근대정치사상,3.0,"[1, 2, 3, 4]",,
정치외교학과,POL3110,정치사상특강,3.0,"[1, 2, 3, 4]",,
정치외교학과,POL3111,정보사회의정치,3.0,"[1, 2, 3, 4]",,
정치외교학과,POL3112,문화와정치,3.0,"[1, 2, 3, 4]",,
정치외교학과,POL3122,소유와화폐의정치,3.0,"[1, 2, 3, 4]",,
정치외교학과,POL3130,국제정치론,3.0,"[1, 2, 3, 4]",,
정치외교학과,POL3132,동북아정치질서,3.0,"[1, 2, 3, 4]",,
정치외교학과,POL3138,외교정책론,3.0,"[1, 2, 3, 4]",,구 외교정책결정론
정치외교학과,POL3146,국제기구론,3.0,"[1, 2, 3, 4]",,
정치외교학과,POL3147,국제개발협력(캡스톤디자인),3.0,"[1, 2, 3, 4]",,구)국제개발협력
정치외교학과,POL3156,세계외교사,3.0,"[1, 2, 3, 4]",,구 동서양외교사
정치외교학과,POL3158,국제정치경제론,3.0,"[1, 2, 3, 4]",,
정치외교학과,POL3161,비교정치론,3.0,"[1, 2, 3, 4]",,
정치외교학과,POL3162,미국정치의이해,3.0,"[1, 2, 3, 4]",,
정치외교학과,POL3163,일본정치의이해,3.0,"[1, 2, 3, 4]",,
정치외교학과,POL3165,중국정치의이해,3.0,"[1, 2, 3, 4]",,
정치외교학과,POL3167,정치발전과저발전의정치,3.0,"[1, 2, 3, 4]",,(구)정치발전과 국가
정치외교학과,POL3172,동아시아지역협력과갈등,3.0,"[1, 2, 3, 4]",,구)동아시아정치의이해
정치외교학과,POL3173,동남아정치의이해,3.0,"[1, 2, 3, 4]",,
정치외교학과,POL3179,비교민주주의론,3.0,"[1, 2, 3, 4]",,
정치외교학과,POL3181,현대정치학의대가들,3.0,"[1, 2, 3, 4]",,
정치외교학과,POL3182,정치경제론,3.0,"[1, 2, 3, 4]",,
정치외교학과,POL3184,정치심리학,3.0,"[1, 2, 3, 4]",,
정치외교학과,POL3185,미국정치특강,3.0,"[1, 2, 3, 4]",,
정치외교학과,POL3187,일본정치특강,3.0,"[1, 2, 3, 4]",,
정치외교학과,POL3200,젠더와 정치,3.0,"[1, 2, 3, 4]",,
정치외교학과,POL3201,불평등과 재분배의 정치,3.0,"[1, 2, 3, 4]",,
정치외교학과,POL3202,데이터로 보는 정치와 세계,3.0,"[1, 2, 3, 4]",,
정치외교학과,POL4066,한국정치이념논쟁사,3.0,"[1, 2, 3, 4]",,
정치외교학과,POL4067,한국정치경제론,3.0,"[1, 2, 3, 4]",,
정치외교학과,POL4082,통일한반도의미래상,3.0,"[1, 2, 3, 4]",,
정치외교학과,POL4084,한반도정치론,3.0,"[3, 4]",,
정치외교학과,POL4114,한국현대정치사상사,3.0,"[1, 2, 3, 4]",,
정치외교학과,POL4133,국제정치이론,3.0,"[1, 2, 3, 4]",,
정치외교학과,POL4146,중국의외교정책,3.0,"[1, 2, 3, 4]",,
정치외교학과,POL4147,국제정치특강,3.0,"[1, 2, 3, 4]",,구)국제관계특강 구)국제관계특강I
정치외교학과,POL4151,군사안보전략,3.0,"[1, 2, 3, 4]",,
정치외교학과,POL4155,국제관계실무토론과글쓰기,3.0,"[3, 4]",,
정치외교학과,POL4169,비교정치특강,3.0,"[1, 2, 3, 4]",,
정치외교학과,POLG224,현대민주주의론,3.0,"[1, 2, 3, 4]",,
정치외교학과,POLG301,계량정치분석 Ⅰ,3.0,"[1, 2, 3, 4]",,
정치외교학과,POLG532,미국정치론,3.0,"[1, 2, 3, 4]",,
심리학과,PSY2001,일반심리학,3.0,"[1, 2, 3, 4]",,
심리학과,PSY2002,심리통계,3.0,"[1, 2, 3, 4]",,
심리학과,PSY2003,발달심리학,3.0,"[1, 2, 3, 4]",,
심리학과,PSY2004,인지심리학,3.0,"[1, 2, 3, 4]",,
심리학과,PSY3001,임상심리학,3.0,"[2, 3, 4]",,
심리학과,PSY3002,상담심리학,3.0,"[2, 3, 4]",,
심리학과,PSY3004,건강심리학,3.0,"[2, 3, 4]",,
심리학과,PSY3005,적응심리학,3.0,"[2, 3, 4]",,
심리학과,PSY3008,성격심리학,3.0,"[2, 3, 4]",,전학년수강신청일에 타전공생신청가능
심리학과,PSY3009,사회심리학,3.0,"[2, 3, 4]",,
심리학과,PSY3010,인사심리학,3.0,"[2, 3, 4]",,구)산업및조직심리학
심리학과,PSY3012,생리및생물심리학,3.0,"[2, 3, 4]",,
심리학과,PSY3013,지각심리학,3.0,"[2, 3, 4]",,
심리학과,PSY3014,학습심리학,3.0,"[2, 3, 4]",,
심리학과,PSY3016,동기및정서심리학,3.0,"[2, 3, 4]",,
심리학과,PSY3020,아동청소년상담과심리치료,3.0,"[3, 4]",,
심리학과,PSY3022,다문화심리학,3.0,"[2, 3, 4]",,
심리학과,PSY3025,개인차의심리학,3.0,"[2, 3, 4]",,
심리학과,PSY3026,전공진로설계Ⅰ,,"[2, 3, 4]",,
심리학과,PSY4001,이상심리학,3.0,"[2, 3, 4]",,
심리학과,PSY4002,심리검사및측정,3.0,"[2, 3, 4]",,
심리학과,PSY4003,현대심리치료,3.0,"[2, 3, 4]",,
심리학과,PSY4005,집단상담,3.0,"[2, 3, 4]",,
심리학과,PSY4006,가족상담,3.0,"[2, 3, 4]",,
심리학과,PSY4007,진로상담,3.0,"[2, 3, 4]",,
심리학과,PSY4009,집단행동의심리학,3.0,"[2, 3, 4]",,
심리학과,PSY4012,광고및소비자심리학,3.0,"[2, 3, 4]",,
심리학과,PSY4014,유아및아동심리학,3.0,"[2, 3, 4]",,
심리학과,PSY4016,조직심리학,3.0,"[2, 3, 4]",,구)인지공학
심리학과,PSY4019,독서심리학,3.0,"[2, 3, 4]",,
심리학과,PSY4024,창의성의심리학,3.0,"[2, 3, 4]",,구)심리학의제문제
심리학과,PSY4025,심리학연구방법론,3.0,"[2, 3, 4]",,
심리학과,PSY4032,상담면접기법,3.0,"[3, 4]",,
심리학과,PSY4034,심리평가및진단,3.0,"[3, 4]",,
심리학과,PSY4036,발달정신병리학,3.0,"[3, 4]",,
심리학과,PSY4038,사회심리학세미나,3.0,[4],,
심리학과,PSY4042,직업심리학,3.0,"[3, 4]",,
심리학과,PSY4045,자기와정체성,3.0,"[2, 3, 4]",,
심리학과,PSYG002,인지실험심리학,3.0,"[3, 4]",,
심리학과,PSYG003,실험설계및통계분석,3.0,"[3, 4]",,
심리학과,PSYG004,상담및임상연구설계의이해,3.0,"[3, 4]",,
심리학과,PSYG005,집단상담과 심리치료 세미나,3.0,[4],,
공공인재 연계전공,PUB2005,법과현대사회,3.0,"[1, 2, 3, 4]",,"구)HSS3010/LAW2010,PUB2001,2002,2003,2004,2006의 대체과목"
공공인재 연계전공,PUB3016,사회보장과법,3.0,"[3, 4]",,
공공인재 연계전공,PUB3020,경제법,3.0,"[2, 3, 4]",,"PUB4003,PUB4008의 대체과목"
공공인재 연계전공,PUB3021,국제법,3.0,"[1, 2, 3, 4]",,"PUB3018,PUB3019,PUB4001의 대체과목"
공공인재 연계전공,PUB3022,노동법,3.0,"[2, 3, 4]",,PUB4004의 대체과목
공공인재 연계전공,PUB3023,"민법 Ⅰ (민법총칙,물권법)",3.0,"[1, 2, 3, 4]",,"PUB3014,PUB33015의 대체과목"
공공인재 연계전공,PUB3024,"민법 Ⅱ (채권총칙,채권각칙,가족법)",3.0,"[1, 2, 3, 4]",,"PUB3004,PUB3005,PUB3006의 대체과목"
공공인재 연계전공,PUB3025,민사소송법,3.0,"[2, 3, 4]",,PUB3007의 대체과목
공공인재 연계전공,PUB3026,상법,3.0,"[1, 2, 3, 4]",,"PUB3010,PUB3011의 대체과목"
공공인재 연계전공,PUB3027,세법,3.0,"[2, 3, 4]",,PUB4007의 대체과목
공공인재 연계전공,PUB3028,지식재산권법,3.0,"[1, 2, 3, 4]",,"PUB4005,PUB4006의 대체과목"
공공인재 연계전공,PUB3029,행정법,3.0,"[1, 2, 3, 4]",,"PUB3003,PUB4002의 대체과목"
공공인재 연계전공,PUB3030,헌법,3.0,"[1, 2, 3, 4]",,"PUB3001,PUB3002,PUB3012의 대체과목"
공공인재 연계전공,PUB3031,형법,3.0,"[1, 2, 3, 4]",,"PUB3008,PUB3017의 대체과목"
공공인재 연계전공,PUB3032,형사소송법,3.0,"[2, 3, 4]",,"PUB3009,PUB4010의 대체과목"
공공인재 연계전공,PUB4009,국제인권과법,3.0,"[1, 2, 3, 4]",,
종교학과,REL2001,종교의이해,3.0,"[1, 2, 3, 4]",,
종교학과,REL2002,세계종교입문,3.0,"[1, 2, 3, 4]",,
종교학과,REL2010,종교학답사I,1.0,"[1, 2, 3, 4]",,
종교학과,REL2011,종교학답사II,1.0,"[1, 2, 3, 4]",,
종교학과,REL2012,종교학답사III,1.0,"[1, 2, 3, 4]",종교학과(가능),
종교학과,REL3001,힌두교의이해,3.0,"[1, 2, 3, 4]",,
종교학과,REL3003,이슬람교의이해,3.0,"[1, 2, 3, 4]",,
종교학과,REL3004,중국종교의이해,3.0,"[1, 2]",,
종교학과,REL3006,고대근동의종교,3.0,"[1, 2, 3, 4]",,
종교학과,REL3007,그리스도교의이해,3.0,"[1, 2, 3, 4]",,
종교학과,REL3008,유교의중심사상,3.0,"[1, 2, 3, 4]",,
종교학과,REL3009,도교의중심사상,3.0,"[1, 2, 3, 4]",,
종교학과,REL3010,현대사회와이슬람교,3.0,"[1, 2, 3, 4]",,
종교학과,REL3013,한국그리스도교의이해,3.0,"[1, 2, 3, 4]",,
종교학과,REL3018,불교강독,3.0,"[1, 2, 3, 4]",,
종교학과,REL3019,힌두교강독,3.0,"[1, 2, 3, 4]",,
종교학과,REL3021,도교강독,3.0,"[1, 2, 3, 4]",,
종교학과,REL3022,한국종교의이해,3.0,"[1, 2, 3, 4]",,
종교학과,REL3024,그리스도교강독,3.0,"[1, 2, 3, 4]",,
종교학과,REL3027,종교현상학,3.0,"[1, 2, 3, 4]",,
종교학과,REL3028,종교인류학,3.0,"[1, 2, 3, 4]",,
종교학과,REL3029,종교심리학,3.0,"[1, 2, 3, 4]",,
종교학과,REL3033,한국무교의이해,3.0,"[1, 2, 3, 4]",,
종교학과,REL3036,비교신비주의,3.0,"[1, 2, 3, 4]",,
종교학과,REL3039,종교간의대화,3.0,"[1, 2, 3, 4]",,
종교학과,REL3043,수양과명상,3.0,"[1, 2, 3, 4]",,
종교학과,REL3044,그리스도교영성,3.0,"[1, 2, 3, 4]",,
종교학과,REL3046,죽음과고통의종교심리학,3.0,"[1, 2, 3, 4]",,"구)죽음의이해, 구)죽음과고통의현상학"
종교학과,REL3047,현대종교심리학세미나,3.0,"[1, 2, 3, 4]",,구)초월심리학과종교
종교학과,REL3051,세계불교입문,3.0,"[3, 4]",,
종교학과,REL3053,디지털 시대의 종교,3.0,"[2, 3, 4]",,
종교학과,REL3055,종말론: 유토피아와 디스토피아,3.0,"[2, 3, 4]",,
종교학과,RELG001,종교연구방법론,3.0,"[3, 4]",,대학원초급과목
종교학과,RELG006,유교경전연구,3.0,"[2, 3, 4]",,
종교학과,RELQ981,종교교과교육론,3.0,"[3, 4]",,교직이수자만 전공학점으로 인정
종교학과,RELQ982,종교교과논리및논술,3.0,"[2, 3, 4]",,교직이수자만 전공학점으로 인정
전인교육원,ROT4001,안보학,3.0,[3],,
전인교육원,ROT4002,안전및조직관리사례연구,3.0,[3],,
전인교육원,ROT4003,조직리더십,3.0,[4],,
전인교육원,ROT4004,조직리더십사례연구,3.0,[4],,
전인교육원,ROT4007,군사훈련 Ⅲ,1.0,"[2, 3, 4]",,
SCIENCE기반자유전공학부,SCI1011,과학수학,3.0,"[1, 2, 3, 4]",SCIENCE기반자유전(가능),
SCIENCE기반자유전공학부,SCI1014,통합생물학,3.0,"[1, 2, 3, 4]",SCIENCE기반자유전(가능),
전인교육원,SHS2001,현대사회의이해,3.0,"[1, 2]",,
전인교육원,SHS2002,한국과세계,3.0,[1],,
전인교육원,SHS2003,커뮤니케이션과사회,3.0,"[1, 2, 3, 4]",,
전인교육원,SHS2005,법과지식재산,3.0,"[1, 2]",,"(구)법과공학, 법과지식산업"
전인교육원,SHS2007,생활속의심리학,3.0,"[1, 2, 3, 4]",,
전인교육원,SHS2009,한류와 미디어,3.0,"[1, 2, 3, 4]",,구) KSC4003
전인교육원,SHS2010,한국의 경제 발전,3.0,"[1, 2, 3, 4]",,구) KSC4008
전인교육원,SHU2001,인공지능 규제의 윤리 및 법적 쟁점(탐구공동체),1.5,"[1, 2, 3, 4]",,
전인교육원,SHU4001,북한의이해와통일후한국,3.0,"[1, 2, 3, 4]",,구 통일과민족의미래의 대체과목/북한의이해(SHU4002)의 대체과목
전인교육원,SHU4010,동남아시아전통사회의이해,3.0,"[1, 2, 3, 4]",,
전인교육원,SHU4016,현대사회와복지국가,3.0,"[1, 2, 3, 4]",,구) SHS2004
전인교육원,SHU4019,삶과교육,3.0,"[1, 2, 3, 4]",,
전인교육원,SHU4023,성의식과인간이해,3.0,"[1, 2, 3, 4]",,"젠더,가족과사회복지(SHU4033)의 대체과목"
전인교육원,SHU4024,결혼준비특강,3.0,"[1, 2, 3, 4]",,
전인교육원,SHU4028,지리로 보는 세계,3.0,"[1, 2, 3, 4]",,구)인문지리
전인교육원,SHU4050,국제개발협력의이해,3.0,"[1, 2, 3, 4]",,과목평가:S/U
전인교육원,SHU4052,세계대전의이해,3.0,"[1, 2, 3, 4]",,현대세계와전쟁(SHU4049)의 대체과목/문명의충돌(SHU4012)의 대체과목
전인교육원,SHU4057,공감의시대,2.0,"[1, 2, 3, 4]",,
전인교육원,SHU4063,4차산업혁명과기업가정신,2.0,"[1, 2, 3, 4]",,"평가:S/U, 구)인간과기업가정신"
전인교육원,SHU4068,한중정치사회의이해(중국어)(중국어강의),3.0,"[1, 2, 3, 4]",,
전인교육원,SHU4071,기업으로본아시아현대사회,3.0,"[1, 2, 3, 4]",,공정무역과사회적기업(SHU4061)의 대체과목
전인교육원,SHU4072,현대아시아도시사회의이해,3.0,"[1, 2, 3, 4]",,현대과학과동양사상(STU4022)의 대체과목
전인교육원,SHU4073,법이란무엇인가?,3.0,"[1, 2, 3, 4]",,
전인교육원,SHU4074,기후변화와사회정의,3.0,"[1, 2, 3, 4]",,
전인교육원,SHU4075,문화산업과법,3.0,"[1, 2, 3, 4]",,
전인교육원,SHU4076,직장생활과법,3.0,"[1, 2, 3, 4]",,
전인교육원,SHU4077,인간과 인권Ⅰ,2.0,"[1, 2, 3, 4]",,
전인교육원,SHU4078,인간과 인권Ⅱ,2.0,"[1, 2, 3, 4]",,
전인교육원,SHU4079,K-영화와 한류,3.0,"[1, 2, 3, 4]",,구)영화로 사회읽기
전인교육원,SHU4080,K-문화와 미디어,3.0,"[1, 2, 3, 4]",,
전인교육원,SHU4081,법과 금융,3.0,"[1, 2, 3, 4]",,
전인교육원,SHU4082,현대사회와 민주주의,3.0,"[1, 2, 3, 4]",,
전인교육원,SHU4083,창업기회탐색,1.0,"[2, 3, 4]",,성적평가:S/U
전인교육원,SHU4084,한국 민주주의와 시민적 실천,2.0,"[1, 2, 3, 4]",,
전인교육원,SHU4086,창업과 회사법,3.0,"[1, 2, 3, 4]",,
사회학과,SOC2001,사회학개론,3.0,"[1, 2, 3, 4]",,
사회학과,SOC2002,인류학개론,3.0,"[1, 2, 3, 4]",,
사회학과,SOC2003,사회조사방법론(캡스톤디자인),3.0,"[2, 3, 4]",,
사회학과,SOC2004,사회통계학(캡스톤디자인),3.0,"[1, 2, 3, 4]",,
사회학과,SOC2006,사회학사,3.0,"[2, 3, 4]",,
사회학과,SOC2007,이론과사회:현대에서포스트모던이론까지,3.0,"[1, 2, 3, 4]",,
사회학과,SOC3003,사회심리학(캡스톤디자인),3.0,"[1, 2, 3, 4]",,구)사회심리학
사회학과,SOC3004,현대조직과 사회환경,3.0,"[1, 2, 3, 4]",,"구)현대조직과리더십,구)조직행동과 변화관"
사회학과,SOC3008,집단행동과사회운동,3.0,"[2, 3, 4]",,
사회학과,SOC3009,인구와발전,3.0,"[1, 2, 3, 4]",,
사회학과,SOC3010,사회발전론,3.0,"[1, 2, 3, 4]",,
사회학과,SOC3011,도시사회학,3.0,"[1, 2, 3, 4]",,
사회학과,SOC3012,성과사회,3.0,"[1, 2, 3, 4]",,
사회학과,SOC3013,현대가족연구,3.0,"[2, 3, 4]",,
사회학과,SOC3014,종교사회학,3.0,"[1, 2, 3, 4]",,
사회학과,SOC3015,건강과 질병의 사회학,3.0,"[1, 2, 3, 4]",,구)의료사회학
사회학과,SOC3017,예술사회학,3.0,"[1, 2, 3, 4]",,
사회학과,SOC3018,일상생활의사회학,3.0,"[1, 2, 3, 4]",,
사회학과,SOC3019,교육사회학,3.0,"[2, 3, 4]",,
사회학과,SOC3020,세계화와후기산업사회,3.0,"[1, 2, 3, 4]",,
사회학과,SOC3023,환경사회학,3.0,"[1, 2, 3, 4]",,
사회학과,SOC3024,정치사회학,3.0,"[2, 3, 4]",,
사회학과,SOC3025,법사회학,3.0,"[1, 2, 3, 4]",,
사회학과,SOC3027,범죄사회학,3.0,"[2, 3, 4]",,구)일탈 사회학
사회학과,SOC3028,불평등의사회사,3.0,"[1, 2, 3, 4]",,
사회학과,SOC3031,과학사회학,3.0,"[1, 2, 3, 4]",,
사회학과,SOC3032,현대사회와세대문제,3.0,"[1, 2, 3, 4]",,
사회학과,SOC3034,국제이주와초국가주의,3.0,"[1, 2, 3, 4]",,구 인류의기원
사회학과,SOC3040,인종과 종족,3.0,"[2, 3, 4]",,"구)다문화,시민,국가"
사회학과,SOC3041,세계사회의형성과발전,3.0,"[1, 2, 3, 4]",,
사회학과,SOC3044,사회문제연구,3.0,"[1, 2, 3, 4]",,
사회학과,SOC3045,시대진단의사회학,3.0,"[1, 2, 3, 4]",,
사회학과,SOC3047,한국사회사,3.0,"[2, 3, 4]",,
사회학과,SOC3051,시장과사회,3.0,"[1, 2, 3, 4]",,구 시장과합리적선택
사회학과,SOC3053,사회학과기업현장의만남(캡스톤디자인),3.0,"[1, 2, 3, 4]",,"구)사회학과기업현장의만남, S/U 과목"
사회학과,SOC3054,정보사회학,3.0,"[1, 2, 3, 4]",,
사회학과,SOC3055,창업의 사회학(캡스톤디자인),3.0,"[1, 2, 3, 4]",,
사회학과,SOC4001,졸업논문,3.0,[4],,
사회학과,SOC4011,사회학현장실습,3.0,"[3, 4]",,
사회학과,SOC4013,고급데이터분석 Ⅱ(캡스톤디자인),3.0,"[2, 3, 4]",,
사회학과,SOC4014,소셜 빅데이터 분석 Ⅰ(캡스톤디자인),3.0,"[1, 2, 3, 4]",,
사회학과,SOC4015,소셜 빅데이터 분석 Ⅱ(캡스톤디자인),3.0,"[3, 4]",,
사회학과,SOCG005,사회통계심화(캡스톤디자인),3.0,"[3, 4]",,
사회학과,SOCG009,연구방법실습(캡스톤디자인),3.0,"[2, 3, 4]",,대학원초급과목
사회학과,SOCG011,고급데이터분석,3.0,"[2, 3, 4]",,
사회학과,SOCG013,학술 논문 세미나,3.0,"[2, 3, 4]",,
사회학과,SOCG015,문화와 사회 인지(캡스톤디자인),3.0,"[1, 2, 3, 4]",,
사회학과,SOCG016,사회과학의 인과모형,3.0,"[3, 4]",,
사회학과,SOCG017,소셜 빅데이터 분석Ⅰ(캡스톤디자인),3.0,"[3, 4]",,구)SOC4014
사회학과,SOCG018,소셜 빅데이터 분석Ⅱ(캡스톤디자인),3.0,"[3, 4]",,구)SOC4015
스포츠미디어 연계전공,SPM3001,운동처방,2.0,"[1, 2, 3, 4]",,
스포츠미디어 연계전공,SPM3004,스포츠프로모션,2.0,"[1, 2, 3, 4]",,구 스포츠이벤트기획
스포츠미디어 연계전공,SPM3007,스포츠사회학,2.0,"[1, 2, 3, 4]",,
스포츠미디어 연계전공,SPM3008,스포츠커뮤니케이션,2.0,"[1, 2, 3, 4]",,구 스포츠와매스컴
스포츠미디어 연계전공,SPM3010,스포츠산업론,2.0,"[1, 2, 3, 4]",,
스포츠미디어 연계전공,SPM3011,스포츠생리학,2.0,"[1, 2, 3, 4]",,
스포츠미디어 연계전공,SPM3012,스포츠심리학,2.0,"[1, 2, 3, 4]",,
스포츠미디어 연계전공,SPM3014,스포츠소비자행동론,2.0,"[2, 3, 4]",,
스포츠미디어 연계전공,SPM3015,서사적체육:스포츠와스토리텔링,2.0,"[1, 2, 3, 4]",,
스포츠미디어 연계전공,SPM3101,스쿠바다이빙,2.0,"[1, 2, 3, 4]",,장소:체육관(705-8207)
스포츠미디어 연계전공,SPM3104,필드골프I,2.0,"[1, 2, 3, 4]",,장소:체육관(705-8207)
스포츠미디어 연계전공,SPM3106,체력트레이닝,2.0,"[1, 2, 3, 4]",,장소:체육관(705-8207)
스포츠미디어 연계전공,SPM3108,호신술I,1.0,"[1, 2, 3, 4]",,장소:체육관(705-8207)
스포츠미디어 연계전공,SPM3110,라켓볼,1.0,"[1, 2, 3, 4]",,장소:체육관(705-8207)
스포츠미디어 연계전공,SPM3111,참선,2.0,"[1, 2, 3, 4]",,체육관 방음실
스포츠미디어 연계전공,SPM3113,댄스스포츠I,1.0,"[1, 2, 3, 4]",,장소:체육관(705-8207)
스포츠미디어 연계전공,SPM3114,댄스스포츠II,1.0,"[1, 2, 3, 4]",,장소:체육관(705-8207)
스포츠미디어 연계전공,SPM3116,태권도,1.0,"[1, 2, 3, 4]",,장소:체육관(705-8207)
스포츠미디어 연계전공,SPM3117,요트미스트롤,2.0,"[1, 2, 3, 4]",,
스포츠미디어 연계전공,SPM3119,파워요가,1.0,"[1, 2, 3, 4]",,장소:체육관(705-8207)
스포츠미디어 연계전공,SPM3120,댄스피트니스,1.0,"[1, 2, 3, 4]",,장소:체육관(705-8207)
대학,SSC2007,공공인문학 연습,3.0,"[2, 3, 4]",,
대학,SSC2010,디지털 휴먼 상호작용의 이해,3.0,"[2, 3, 4]",,
시스템반도체공학과,SSE1002,C언어기초,3.0,"[1, 2, 3, 4]",,
시스템반도체공학과,SSE2032,시스템반도체입문설계,3.0,"[1, 2, 3, 4]",시스템반도체공학과(가능),
시스템반도체공학과,SSE2051,기초회로실험,3.0,"[2, 3, 4]",시스템반도체공학과(가능),
시스템반도체공학과,SSE2052,디지털회로실험,3.0,"[2, 3, 4]",,
시스템반도체공학과,SSE2101,전자장론I,3.0,"[2, 3, 4]",시스템반도체공학과(가능),
시스템반도체공학과,SSE2102,전자장론II,3.0,"[2, 3, 4]",,
시스템반도체공학과,SSE2103,고급공학수학I,3.0,"[2, 3, 4]",시스템반도체공학과(가능),
시스템반도체공학과,SSE2104,고급공학수학II,3.0,"[2, 3, 4]",,
시스템반도체공학과,SSE2108,자료구조 및 알고리즘,3.0,"[2, 3, 4]",,구)공학프로그래밍
시스템반도체공학과,SSE2111,기초회로이론,3.0,"[1, 2, 3, 4]",,
시스템반도체공학과,SSE2112,회로이론,3.0,"[2, 3, 4]",시스템반도체공학과(가능),
시스템반도체공학과,SSE2120,반도체전자공학I,3.0,"[2, 3, 4]",,
시스템반도체공학과,SSE2135,디지털회로,3.0,"[2, 3, 4]",,
시스템반도체공학과,SSE2153,신호 및 시스템,3.0,"[2, 3, 4]",,
시스템반도체공학과,SSE3121,반도체전자공학II,3.0,"[3, 4]",시스템반도체공학과(가능),
시스템반도체공학과,SSE3131,전자회로I,3.0,"[3, 4]",시스템반도체공학과(가능),
시스템반도체공학과,SSE3141,자동제어개론,3.0,"[3, 4]",시스템반도체공학과(가능),
시스템반도체공학과,SSE3148,통신공학개론,3.0,"[3, 4]",시스템반도체공학과(가능),
시스템반도체공학과,SSE3154,확률및랜덤변수,3.0,"[3, 4]",시스템반도체공학과(가능),
시스템반도체공학과,SSE3181,전자회로실험,3.0,"[3, 4]",시스템반도체공학과(가능),
시스템반도체공학과,SSE3201,운영체제및시스템프로그래밍,3.0,"[3, 4]",시스템반도체공학과(가능),
시스템반도체공학과,SSE3202,반도체공정,3.0,"[3, 4]",시스템반도체공학과(가능),
전인교육원,STS2001,자연과인간,3.0,[1],,"자연과학부,공학부 수강불가"
전인교육원,STS2002,생명과환경,3.0,[1],"자연과학대학(불가능),공과대학(불가능),소프트웨어융합대학(불가능)",자연과학대학/공학대학/소프트웨어융합대학 수강불가/STU4006 자연재해와우리사회대체과목
전인교육원,STS2004,대학수학,3.0,[1],"자연과학대학(1전공 불가능),공과대학(1전공 불가능),소프트웨어융합대학(1전공 불가능)","자연,공과,소프트웨어 1전공 수강 불가"
전인교육원,STS2005,미적분학I,3.0,[1],수학과(1전공 가능),
전인교육원,STS2006,미적분학II,3.0,[1],,
융합교육원,STS2008,고급응용C프로그래밍,3.0,[2],"컴퓨터공학과(1전공 불가능),컴퓨터공학과(1전공 불가능)","(구)C언어[C프로그래밍수강자,컴공1전공수강불가]/STS2007 대체과목"
전인교육원,STS2010,과학사,3.0,"[1, 2]",,
전인교육원,STS2011,기초빅데이터프로그래밍,3.0,"[2, 3, 4]",,파이썬 고급과정(구 기초응용소프트웨어프로그래밍)
전인교육원,STS2012,딥러닝기반빅데이터처리실습,3.0,"[2, 3, 4]",,
융합교육원,STS2013,AI융합캡스톤디자인과 창업,3.0,"[3, 4]",,인공지능종합설계Ⅰ-캡스톤디자인(AIC4010)의 대체과목
전인교육원,STS2015,과학도를 위한 파이썬,3.0,"[1, 2, 3, 4]",SCIENCE기반자유전(가능),
전인교육원,STU4003,인간과환경,3.0,"[1, 2, 3, 4]",,
전인교육원,STU4005,바다의이해,3.0,"[1, 2, 3, 4]",,
전인교육원,STU4010,건강과한의학,3.0,"[1, 2, 3, 4]",,
전인교육원,STU4011,우주와 양자,3.0,"[1, 2, 3, 4]",,구)우주와원자시대
전인교육원,STU4016,사상의학의이해,3.0,"[1, 2, 3, 4]",,
전인교육원,STU4026,글로벌캡스톤디자인,2.0,"[1, 2, 3, 4]",,
전인교육원,STU4027,인공지능의 이해,3.0,"[1, 2, 3, 4]",,
스타트업연계전공,SUA2003,스타트업의 시작: 창의적 문제해결과 MVP 개발,3.0,"[3, 4]",,구)창의적문제해결과신제품개발(스타트업)
스타트업연계전공,SUA2004,스타트업의 시작: 고객개발 프로세스,3.0,"[3, 4]",,"구)기업가정신과사업기회포착,SUA2002의 대체과목"
스타트업연계전공,SUA2005,실전스타트업(캡스톤디자인) 입문,3.0,"[3, 4]",,구)실전스타트업(캡스톤디자인)구)SUA4008구)실전스타트업(캐시클래스)
스타트업연계전공,SUA4003,벤처창업과투자유치실습,3.0,"[3, 4]",,
스타트업연계전공,SUA4004,스타트업산업체인턴십I,3.0,[4],,"현장실습, S/U과목"
스타트업연계전공,SUA4005,기업과지식재산,3.0,"[1, 2, 3, 4]",,
스타트업연계전공,SUA4009,스타트업마케팅실습,3.0,"[3, 4]",,
스타트업연계전공,SUA4013,Everyday Entrepreneurship,3.0,"[1, 2, 3, 4]",,
스타트업연계전공,SUA4014,인문 콘텐츠 창작 실습(캡스톤디자인),3.0,"[2, 3, 4]",,
게페르트국제학부,TIR2001,국제관계이론,3.0,"[2, 3, 4]",,
게페르트국제학부,TIR2007,동아시아국제관계,3.0,"[2, 3, 4]",,
게페르트국제학부,TIS1001,국제관계개론,3.0,"[1, 2, 3, 4]",게페르트국제학부(가능),
게페르트국제학부,TIS1002,국제통상입문,3.0,[1],,
게페르트국제학부,TIS1005,국제통상수리기초,3.0,[1],게페르트국제학부(가능),
전인교육원,TLS1001,독서와토론,3.0,[1],,
전인교육원,TLS1002,비평적글쓰기연습,3.0,"[1, 2, 3, 4]",,계열별글쓰기(COR1002)의 대체과목
전인교육원,TLS1003,스토리텔링글쓰기연습,3.0,[1],,LCU4111 해석과설득적글쓰기 대체과목
전인교육원,TLS1004,영어글로벌의사소통II,3.0,[1],,영어II(고급)(COR1006)의 대체과목/영어II(COR1004)의 대체과목
전인교육원,TLS1005,영어읽기와토론연습,3.0,"[2, 3, 4]",,
